9039.8	0.69619	7031.15	4562.74	0
9040.8	0.739721	7031.88	4561.65	2.34811
9041.8	0.953565	7032.71	4558.28	4.38498
9042.8	1.22605	7033.95	4553.02	6.18482
9043.8	1.42125	7034.3	4547.24	4.64336
9044.8	1.50257	7034.15	4543.8	2.6015
9045.8	1.54662	7034.04	4542.02	1.21632
9046.8	1.56537	7034	4541.25	0.499128
9047.8	1.56832	7033.98	4540.95	0.186791
9048.8	1.56939	7033.97	4540.84	0.0662319
9049.8	1.56977	7033.97	4540.8	0.0232566
9050.8	1.5699	7033.97	4540.78	0.00817109
9051.8	1.56995	7033.97	4540.78	0.00292936
9052.8	1.56997	7033.97	4540.78	0.00108528
9053.8	1.56997	7033.97	4540.78	0.000387802
9054.8	1.56998	7033.97	4540.78	0.000135349
9055.8	1.56998	7033.97	4540.78	4.89677e-05
9056.8	1.56998	7033.97	4540.78	1.73654e-05
9057.8	1.56998	7033.97	4540.78	6.32305e-06
9058.8	1.56998	7033.97	4540.78	2.26166e-06
9059.8	1.56998	7033.97	4540.78	8.18906e-07
9060.8	1.56998	7033.97	4540.78	2.85487e-07
9061.8	1.56998	7033.97	4540.78	1.04493e-07
9062.8	1.56998	7033.97	4540.78	3.7051e-08
9063.8	1.5723	7033.96	4540.54	0.881208
9064.8	1.58588	7033.88	4539.12	2.0017
9065.8	1.61365	7033.72	4536.11	3.83028
9066.8	1.61658	7033.56	4531.19	5.79756
9067.8	1.60361	7033.46	4526.71	3.50102
9068.8	1.60258	7033.38	4524.89	0
9069.8	1.60258	7033.38	4524.89	0
9070.8	1.60258	7033.38	4524.89	0
9071.8	1.60258	7033.38	4524.89	0
9072.8	1.60258	7033.38	4524.89	0
9073.8	1.60258	7033.38	4524.89	0
9074.8	1.60258	7033.38	4524.89	0
9075.8	1.60258	7033.38	4524.89	0
9076.8	1.60258	7033.38	4524.89	0
9077.8	1.60258	7033.38	4524.89	0
9078.8	1.60258	7033.38	4524.89	0
9079.8	1.60258	7033.38	4524.89	0
9080.8	1.60258	7033.38	4524.89	0
9081.8	1.60258	7033.38	4524.89	0
9082.8	1.60258	7033.38	4524.89	0
9083.8	1.60258	7033.38	4524.89	0
9084.8	1.60258	7033.38	4524.89	0
9085.8	1.60258	7033.38	4524.89	0
9086.8	1.60258	7033.38	4524.89	0
9087.8	1.60258	7033.38	4524.89	0
9088.8	1.60237	7033.37	4524.51	1.25663
9089.8	1.60086	7033.26	4522.09	3.37481
9090.8	1.60844	7033.09	4517.63	5.38725
9091.8	1.60538	7032.89	4511.14	7.37404
9092.8	1.60904	7032.51	4502.65	9.34674
9093.8	1.64244	7031.76	4492.26	11.2246
9094.8	1.65266	7030.75	4479.87	13.2667
9095.8	1.64698	7029.67	4465.87	14.0504
9096.8	1.611	7029.1	4451.71	14.1237
9097.8	1.61011	7028.54	4437.6	13.6246
9098.8	1.60538	7028.13	4425.72	10.2693
9099.8	1.60538	7027.83	4417.05	7.30691
9100.8	1.60551	7027.63	4411.26	4.56629
9101.8	1.60559	7027.51	4407.8	2.50286
9102.8	1.60563	7027.45	4406.03	1.2014
9103.8	1.60565	7027.42	4405.25	0.503338
9104.8	1.60566	7027.41	4404.95	0.179462
9105.8	1.60566	7027.41	4404.85	0.0641406
9106.8	1.60566	7027.41	4404.81	0.023013
9107.8	1.60566	7027.41	4404.79	0.00853268
9108.8	1.60566	7027.41	4404.79	0.00300716
9109.8	1.60566	7027.41	4404.79	0.00110341
9110.8	1.60566	7027.41	4404.79	0.000394638
9111.8	1.60566	7027.41	4404.79	0.000140944
9112.8	1.60566	7027.41	4404.79	5.08501e-05
9113.8	1.60566	7027.41	4404.79	1.76998e-05
9114.8	1.60566	7027.41	4404.79	6.37418e-06
9115.8	1.60566	7027.41	4404.79	2.26143e-06
9116.8	1.60566	7027.41	4404.79	8.27428e-07
9117.8	1.60566	7027.41	4404.79	2.97516e-07
9118.8	1.60566	7027.41	4404.79	1.09115e-07
9119.8	1.60566	7027.41	4404.79	3.73492e-08
9120.8	1.60568	7027.37	4403.92	1.85224
9121.8	1.6061	7027.27	4400.96	3.9699
9122.8	1.60685	7027.08	4395.97	5.85298
9123.8	1.60748	7026.83	4388.94	7.93898
9124.8	1.6086	7026.49	4380.04	9.85209
9125.8	1.60928	7026.07	4369.27	11.8698
9126.8	1.60928	7025.58	4356.53	13.8307
9127.8	1.60928	7025.05	4342.64	14.0957
9128.8	1.60928	7024.51	4328.77	14.1033
9129.8	1.47499	7025.53	4315.3	14.1091
9130.8	0.562721	7035.97	4307.68	14.1425
9131.8	0.274509	7049.37	4303.95	14.0922
9132.8	0.261693	7062.8	4300.31	14.062
9133.8	0.258031	7076.22	4296.78	14.1227
9134.8	0.274057	7089.59	4292.98	14.0672
9135.8	0.260057	7103.03	4289.4	14.1208
9136.8	0.283533	7116.45	4285.54	14.038
9137.8	0.285381	7129.97	4281.58	14.1607
9138.8	0.280921	7143.5	4277.67	14.0532
9139.8	0.293703	7156.62	4273.71	12.6458
9140.8	0.268704	7167.02	4270.87	9.30408
9141.8	0.290074	7174.36	4268.58	6.41153
9142.8	0.294263	7179.17	4267.21	3.95619
9143.8	0.283391	7181.74	4266.52	1.20129
9144.8	0.282961	7181.84	4266.49	0
9145.8	0.282961	7181.84	4266.49	0
9146.8	0.282961	7181.84	4266.49	0
9147.8	0.282961	7181.84	4266.49	0
9148.8	0.282961	7181.84	4266.49	0
9149.8	0.282961	7181.84	4266.49	0
9150.8	0.282961	7181.84	4266.49	0
9151.8	0.282961	7181.84	4266.49	0
9152.8	0.282961	7181.84	4266.49	0
9153.8	0.282961	7181.84	4266.49	0
9154.8	0.282961	7181.84	4266.49	0
9155.8	0.282961	7181.84	4266.49	0
9156.8	0.282961	7181.84	4266.49	0
9157.8	0.282961	7181.84	4266.49	0
9158.8	0.282961	7181.84	4266.49	0
9159.8	0.282961	7181.84	4266.49	0
9160.8	0.282961	7181.84	4266.49	0
9161.8	0.282961	7181.84	4266.49	0
9162.8	0.282961	7181.84	4266.49	0
9163.8	0.282102	7181.04	4263.29	0.499313
9164.8	0.275508	7182.66	4262.85	2.59329
9165.8	0.265938	7186.16	4261.91	4.52771
9166.8	0.259673	7191.74	4260.45	6.64353
9167.8	0.256001	7199.18	4258.5	8.27429
9168.8	0.259544	7205.7	4256.75	5.58043
9169.8	0.270122	7209.78	4255.55	3.66643
9170.8	0.473091	7213.37	4252.2	6.21639
9171.8	1.30858	7212.97	4244.94	8.30069
9172.8	1.83374	7210.33	4235.85	10.3532
9173.8	1.85639	7207.09	4224.81	12.4383
9174.8	1.85639	7203.73	4213.36	10.608
9175.8	1.85639	7201.22	4204.83	7.53981
9176.8	1.85639	7199.53	4199.06	4.86743
9177.8	1.85639	7198.51	4195.59	2.70482
9178.8	1.85639	7197.98	4193.78	1.33275
9179.8	1.85639	7197.75	4192.98	0.542333
9180.8	1.85639	7197.65	4192.67	0.19671
9181.8	1.85639	7197.62	4192.55	0.0696791
9182.8	1.85639	7197.61	4192.51	0.0260128
9183.8	1.85639	7197.6	4192.5	0.00905643
9184.8	1.85639	7197.6	4192.49	0.00330066
9185.8	1.85639	7197.6	4192.49	0.00117136
9186.8	1.85639	7197.6	4192.49	0.000433655
9187.8	1.85639	7197.6	4192.49	0.00014922
9188.8	1.85639	7197.6	4192.49	5.37389e-05
9189.8	1.85639	7197.6	4192.49	1.98e-05
9190.8	1.85639	7197.6	4192.49	6.8001e-06
9191.8	1.85639	7197.6	4192.49	2.41857e-06
9192.8	1.85639	7197.6	4192.49	8.9748e-07
9193.8	1.85639	7197.6	4192.49	3.19219e-07
9194.8	1.85639	7197.6	4192.49	1.12101e-07
9195.8	1.85639	7197.6	4192.49	4.0926e-08
9196.8	1.85639	7197.6	4192.49	1.48282e-08
9197.8	1.85639	7197.6	4192.49	5.33184e-09
9198.8	1.85639	7197.6	4192.49	2.01275e-09
9199.8	1.85639	7197.6	4192.49	7.07318e-10
9200.8	1.85639	7197.6	4192.49	2.60794e-10
9201.8	1.85639	7197.6	4192.49	8.87233e-11
9202.8	1.85639	7197.6	4192.49	3.30554e-11
9203.8	1.85639	7197.6	4192.49	1.15035e-11
9204.8	1.85639	7197.6	4192.49	4.1649e-12
9205.8	1.85639	7197.6	4192.49	1.50863e-12
9206.8	1.85639	7197.6	4192.49	5.43007e-13
9207.8	1.85639	7197.6	4192.49	1.92766e-13
9208.8	1.85639	7197.6	4192.49	7.55239e-14
9209.8	1.85639	7197.6	4192.49	3.23073e-14
9210.8	1.85639	7197.6	4192.49	3.21942e-14
9211.8	1.85639	7197.6	4192.49	3.2873e-14
9212.8	1.85639	7197.6	4192.49	3.20298e-14
9213.8	1.85639	7197.6	4192.49	3.3036e-14
9214.8	1.85639	7197.6	4192.49	3.176e-14
9215.8	1.85639	7197.6	4192.49	3.26567e-14
9216.8	1.85639	7197.6	4192.49	3.21998e-14
9217.8	1.85639	7197.6	4192.49	3.22417e-14
9218.8	1.85639	7197.6	4192.49	3.25768e-14
9219.8	1.85639	7197.6	4192.49	3.22064e-14
9220.8	1.85639	7197.6	4192.49	3.24799e-14
9221.8	1.85639	7197.6	4192.49	3.26738e-14
9222.8	1.85639	7197.6	4192.49	3.27608e-14
9223.8	1.85639	7197.6	4192.49	3.30338e-14
9224.8	1.85639	7197.6	4192.49	3.31839e-14
9225.8	1.85639	7197.36	4191.67	1.83107
9226.8	1.77088	7197.59	4188.87	3.78079
9227.8	1.34074	7200.96	4185.61	5.7518
9228.8	0.878967	7205.44	4179.6	7.56328
9229.8	0.459429	7213.2	4175.76	9.51396
9230.8	0.459429	7222.58	4171.12	11.2216
9231.8	0.459429	7233.56	4165.69	13.1096
9232.8	0.459429	7246	4159.53	14.1183
9233.8	0.459429	7258.63	4153.28	14.0847
9234.8	0.456143	7270.05	4147.68	11.2549
9235.8	0.224537	7279.4	4146.11	8.13738
9236.8	0.225126	7286.34	4144.19	5.35
9237.8	0.32834	7290.52	4142.09	4.01868
9238.8	0.606228	7294.28	4137.68	6.36889
9239.8	1.2319	7295.09	4130.45	8.28506
9240.8	1.78949	7292.83	4121.47	10.1441
9241.8	1.91023	7289.06	4110.8	12.2536
9242.8	1.91023	7284.6	4098.18	14.1377
9243.8	1.90026	7280.02	4084.85	14.0737
9244.8	1.8985	7275.48	4071.5	14.0858
9245.8	1.87564	7271.24	4058.04	14.1206
9246.8	1.87564	7267	4044.56	14.1599
9247.8	1.87564	7262.77	4031.11	14.1306
9248.8	1.87564	7258.53	4017.64	14.1221
9249.8	1.76567	7255.59	4003.91	14.0936
9250.8	1.72918	7253.36	3989.97	14.1143
9251.8	1.71747	7251.28	3976.03	14.1523
9252.8	1.59155	7250.99	3961.93	14.1173
9253.8	1.58893	7250.72	3947.81	14.1175
9254.8	1.47435	7252.04	3933.73	14.0921
9255.8	1.37647	7254.76	3919.82	14.0618
9256.8	1.36024	7257.73	3906	14.0499
9257.8	1.40184	7260.16	3892.07	14.1479
9258.8	1.42411	7262.21	3878.13	14.0352
9259.8	1.42411	7264.28	3864.18	14.0631
9260.8	1.42411	7266.34	3850.24	14.0639
9261.8	1.42411	7268.4	3836.29	14.158
9262.8	1.42411	7270.46	3822.34	14.1397
9263.8	1.42411	7272.52	3808.38	14.1102
9264.8	1.42411	7274.58	3794.45	14.1048
9265.8	1.42411	7276.64	3780.52	14.0608
9266.8	1.42408	7281.96	3767.06	14.1458
9267.8	1.42408	7284.03	3753.09	14.1165
9268.8	1.42408	7286.09	3739.15	14.105
9269.8	1.42408	7288.15	3725.21	14.1018
9270.8	1.42408	7290.21	3711.28	14.088
9271.8	1.42408	7292.27	3697.33	14.1128
9272.8	1.42408	7294.32	3683.42	14.0796
9273.8	1.42408	7296.38	3669.47	14.0352
9274.8	1.42408	7298.45	3655.51	14.1617
9275.8	1.42408	7300.51	3641.57	14.086
9276.8	1.42408	7302.57	3627.63	14.0483
9277.8	1.42408	7304.49	3614.64	11.6417
9278.8	1.42408	7305.94	3604.83	8.48276
9279.8	1.42408	7306.95	3597.98	5.74483
9280.8	1.42408	7307.59	3593.67	3.39972
9281.8	1.42408	7307.84	3591.93	0
9282.8	1.42408	7307.84	3591.93	0
9283.8	1.42408	7307.84	3591.93	0
9284.8	1.42408	7307.84	3591.93	0
9285.8	1.42408	7307.84	3591.93	0
9286.8	1.42408	7307.84	3591.93	0
9287.8	1.42408	7307.84	3591.93	0
9288.8	1.42408	7307.84	3591.93	0
9289.8	1.42408	7307.84	3591.93	0
9290.8	1.42408	7307.84	3591.93	0
9291.8	1.42408	7307.84	3591.93	0
9292.8	1.42408	7307.84	3591.93	0
9293.8	1.42408	7307.84	3591.93	0
9294.8	1.42408	7307.84	3591.93	0
9295.8	1.42408	7307.84	3591.93	0
9296.8	1.42408	7307.84	3591.93	0
9297.8	1.42408	7307.84	3591.93	0
9298.8	1.42408	7307.84	3591.93	0
9299.8	1.42408	7307.84	3591.93	0
9300.8	1.42408	7307.84	3591.93	0
9301.8	1.42408	7307.9	3591.57	1.22898
9302.8	1.42408	7308.24	3589.26	3.13679
9303.8	1.42408	7308.85	3585.14	4.98696
9304.8	1.42096	7309.74	3579.32	6.78589
9305.8	1.3704	7311.27	3572.7	8.69592
9306.8	1.12785	7315.71	3564.28	10.7522
9307.8	1.34551	7318.31	3552.79	12.6836
9308.8	1.43111	7320.21	3539.25	14.0889
9309.8	1.43111	7322.18	3525.25	14.1238
9310.8	1.48464	7323.51	3511.19	14.1293
9311.8	1.54897	7323.82	3497.06	14.127
9312.8	1.54897	7324.13	3482.93	14.0971
9313.8	1.54897	7324.43	3468.8	14.0404
9314.8	1.54897	7324.74	3454.64	14.1551
9315.8	1.54897	7325.05	3440.5	14.1025
9316.8	1.52998	7325.59	3426.37	14.1582
9317.8	1.52999	7326.17	3412.25	14.033
9318.8	1.52999	7326.74	3398.13	14.1294
9319.8	1.52999	7327.32	3384	14.0677
9320.8	1.52999	7327.9	3369.88	14.0678
9321.8	1.52999	7328.47	3355.72	14.1078
9322.8	1.52999	7329.05	3341.59	14.1341
9323.8	1.52999	7329.63	3327.44	14.0833
9324.8	1.52999	7330.21	3313.3	14.1576
9325.8	1.52999	7330.78	3299.19	14.1421
9326.8	1.52999	7331.36	3285.07	14.1572
9327.8	1.53067	7331.93	3270.93	14.1384
9328.8	1.51901	7332.61	3257.78	11.6639
9329.8	1.52472	7333.05	3247.86	8.531
9330.8	1.55706	7333.03	3240.92	5.73298
9331.8	1.575	7333.01	3236.57	3.34555
9332.8	1.57486	7333	3234.8	0
9333.8	1.57486	7333	3234.8	0
9334.8	1.57486	7333	3234.8	0
9335.8	1.57486	7333	3234.8	0
9336.8	1.57486	7333	3234.8	0
9337.8	1.57486	7333	3234.8	0
9338.8	1.57486	7333	3234.8	0
9339.8	1.57486	7333	3234.8	0
9340.8	1.57486	7333	3234.8	0
9341.8	1.57486	7333	3234.8	0
9342.8	1.57486	7333	3234.8	0
9343.8	1.57486	7333	3234.8	0
9344.8	1.57486	7333	3234.8	0
9345.8	1.57486	7333	3234.8	0
9346.8	1.57486	7333	3234.8	0
9347.8	1.57486	7333	3234.8	0
9348.8	1.57486	7333	3234.8	0
9349.8	1.57486	7333	3234.8	0
9350.8	1.57486	7333	3234.8	0
9351.8	1.57486	7333	3234.8	0
9352.8	1.57483	7333	3234.43	1.18368
9353.8	1.57464	7332.99	3232.13	3.14728
9354.8	1.57233	7333	3227.81	5.2813
9355.8	1.5465	7333.29	3221.56	7.09655
9356.8	1.52482	7333.66	3213.42	8.97677
9357.8	1.52482	7334.13	3203.4	10.8321
9358.8	1.52482	7334.68	3191.42	12.7825
9359.8	1.52482	7335.31	3177.68	14.1349
9360.8	1.52482	7335.96	3163.56	14.0991
9361.8	1.52482	7336.61	3149.44	14.1411
9362.8	1.52891	7337.21	3135.3	14.1125
9363.8	1.5716	7337.2	3121.18	14.0739
9364.8	1.5716	7337.19	3107.03	14.0544
9365.8	1.5716	7337.17	3092.88	14.1393
9366.8	1.5716	7337.16	3078.73	14.0666
9367.8	1.5716	7337.15	3064.57	14.158
9368.8	1.5716	7337.14	3050.43	14.1442
9369.8	1.60914	7336.63	3036.31	14.1043
9370.8	1.60914	7336.09	3022.16	14.1538
9371.8	1.60914	7335.55	3008.04	14.0334
9372.8	1.62122	7334.86	2993.94	14.0599
9373.8	1.62883	7334.05	2979.82	14.1414
9374.8	1.64284	7333.03	2965.72	14.1293
9375.8	1.64284	7332.02	2951.61	14.1483
9376.8	1.68614	7330.48	2937.54	14.0744
9377.8	1.68865	7328.82	2923.52	14.0986
9378.8	1.68865	7327.16	2909.48	14.1058
9379.8	1.68865	7325.49	2895.41	14.1394
9380.8	1.68865	7323.83	2881.39	14.0768
9381.8	1.68364	7322.24	2867.41	14.0788
9382.8	1.6732	7320.78	2853.44	14.074
9383.8	1.6671	7319.43	2839.42	14.0672
9384.8	1.65034	7318.27	2825.42	14.1459
9385.8	1.56855	7318.31	2811.36	14.0461
9386.8	1.56855	7318.34	2797.31	14.1236
9387.8	1.57021	7318.35	2783.25	14.0723
9388.8	1.57337	7318.31	2769.19	14.1399
9389.8	1.57587	7318.25	2755.15	14.0659
9390.8	1.5769	7318.16	2741.04	14.0433
9391.8	1.56822	7318.18	2727.05	13.8367
9392.8	1.54015	7318.54	2715.27	10.421
9393.8	1.42653	7320.04	2706.77	7.40547
9394.8	1.33523	7321.65	2701.21	4.71604
9395.8	1.26223	7323.04	2698.03	2.61034
9396.8	1.25253	7323.29	2697.46	0
9397.8	1.25253	7323.29	2697.46	0
9398.8	1.25253	7323.29	2697.46	0
9399.8	1.25253	7323.29	2697.46	0
9400.8	1.25253	7323.29	2697.46	0
9401.8	1.25253	7323.29	2697.46	0
9402.8	1.25253	7323.29	2697.46	0
9403.8	1.25253	7323.29	2697.46	0
9404.8	1.25253	7323.29	2697.46	0
9405.8	1.25253	7323.29	2697.46	0
9406.8	1.25253	7323.29	2697.46	0
9407.8	1.25253	7323.29	2697.46	0
9408.8	1.25253	7323.29	2697.46	0
9409.8	1.25253	7323.29	2697.46	0
9410.8	1.25253	7323.29	2697.46	0
9411.8	1.25253	7323.29	2697.46	0
9412.8	1.25253	7323.29	2697.46	0
9413.8	1.25253	7323.29	2697.46	0
9414.8	1.25253	7323.29	2697.46	0
9415.8	1.25253	7323.29	2697.46	0
9416.8	1.23612	7323.71	2696.5	2.09141
9417.8	1.18808	7324.98	2693.61	4.13467
9418.8	1.15479	7327.05	2688.97	5.98058
9419.8	1.12289	7330.21	2682.71	8.1073
9420.8	1.02585	7335.05	2675.15	10.0014
9421.8	0.910895	7341.78	2666.47	12.0674
9422.8	0.910902	7349.65	2656.32	13.8445
9423.8	0.911316	7358.16	2645.35	14.1149
9424.8	0.951539	7366.28	2634.1	14.0429
9425.8	0.961726	7374.22	2622.72	14.0371
9426.8	0.391544	7385.64	2616.8	14.1205
9427.8	-0.0434063	7399.88	2617.38	14.152
9428.8	0.163093	7413.99	2615.51	14.1136
9429.8	0.19427	7428.07	2612.74	14.1277
9430.8	0.19427	7442.12	2609.97	14.0344
9431.8	0.249749	7455.99	2606.56	14.0328
9432.8	0.391181	7469.25	2601.09	14.1358
9433.8	0.258228	7482.51	2597.27	14.5852
9434.8	-0.836818	7493.11	2608.6	16.4194
9435.8	-0.808983	7504.41	2620.45	15.1463
9436.8	-0.670299	7514.77	2628.73	11.6594
9437.8	-0.589184	7523.07	2634.17	8.48522
9438.8	-0.501992	7529.23	2637.32	5.70819
9439.8	-0.448099	7533.25	2638.99	3.34426
9440.8	-0.431528	7534.91	2639.69	0
9441.8	-0.431528	7534.91	2639.69	0
9442.8	-0.431528	7534.91	2639.69	0
9443.8	-0.431528	7534.91	2639.69	0
9444.8	-0.431528	7534.91	2639.69	0
9445.8	-0.431528	7534.91	2639.69	0
9446.8	-0.431528	7534.91	2639.69	0
9447.8	-0.431528	7534.91	2639.69	0
9448.8	-0.431528	7534.91	2639.69	0
9449.8	-0.431528	7534.91	2639.69	0
9450.8	-0.431528	7534.91	2639.69	0
9451.8	-0.431528	7534.91	2639.69	0
9452.8	-0.431528	7534.91	2639.69	0
9453.8	-0.431528	7534.91	2639.69	0
9454.8	-0.431528	7534.91	2639.69	0
9455.8	-0.431528	7534.91	2639.69	0
9456.8	-0.431528	7534.91	2639.69	0
9457.8	-0.431528	7534.91	2639.69	0
9458.8	-0.431528	7534.91	2639.69	0
9459.8	-0.431528	7534.91	2639.69	0
9460.8	-0.420726	7537.83	2637.37	1.18632
9461.8	-0.404981	7539.99	2638.31	3.31372
9462.8	-0.407206	7544.08	2640.1	5.43917
9463.8	-0.415444	7549.97	2642.72	7.21994
9464.8	-0.421614	7557.53	2646.12	9.14851
9465.8	-0.494904	7566.46	2651.06	11.0513
9466.8	-0.684555	7575.76	2658.62	13.0508
9467.8	-0.550175	7587.4	2666.3	14.8973
9468.8	-0.374695	7602.19	2672.45	16.8997
9469.8	0.178361	7618.72	2670.9	16.9786
9470.8	1.07381	7628.22	2657.68	16.9863
9471.8	1.21055	7635.24	2648.41	16.8769
9472.8	1.0427	7643	2633.47	16.9199
9473.8	1.0286	7651.73	2618.99	16.9597
9474.8	1.0286	7660.46	2604.49	16.9528
9475.8	0.991227	7669.52	2590.32	16.9131
9476.8	0.155518	7684.85	2585.62	16.9425
9477.8	-0.516255	7699.76	2593.37	16.9228
9478.8	-0.613399	7713.59	2603.11	16.9055
9479.8	-0.614265	7727.44	2612.87	16.9551
9480.8	-0.556492	7741.78	2622.06	16.8766
9481.8	-0.527966	7756.45	2630.73	16.9354
9482.8	-0.483268	7770.87	2638.35	14.9091
9483.8	-0.442503	7782.7	2643.97	11.4948
9484.8	-0.399242	7791.73	2647.7	8.34994
9485.8	-0.371033	7798.07	2650.17	5.59638
9486.8	-0.365665	7802.05	2651.65	3.30362
9487.8	-0.362709	7803.48	2652.17	0
9488.8	-0.362709	7803.48	2652.17	0
9489.8	-0.362709	7803.48	2652.17	0
9490.8	-0.362709	7803.48	2652.17	0
9491.8	-0.362709	7803.48	2652.17	0
9492.8	-0.362709	7803.48	2652.17	0
9493.8	-0.362709	7803.48	2652.17	0
9494.8	-0.362709	7803.48	2652.17	0
9495.8	-0.362709	7803.48	2652.17	0
9496.8	-0.362709	7803.48	2652.17	0
9497.8	-0.362709	7803.48	2652.17	0
9498.8	-0.362709	7803.48	2652.17	0
9499.8	-0.362709	7803.48	2652.17	0
9500.8	-0.362709	7803.48	2652.17	0
9501.8	-0.362709	7803.48	2652.17	0
9502.8	-0.362709	7803.48	2652.17	0
9503.8	-0.362709	7803.48	2652.17	0
9504.8	-0.362709	7803.48	2652.17	0
9505.8	-0.362709	7803.48	2652.17	0
9506.8	-0.362709	7803.48	2652.17	0
9507.8	-0.361721	7803.95	2652.34	1.40015
9508.8	-0.356847	7806.32	2653.2	3.31697
9509.8	-0.34923	7810.44	2654.7	5.25644
9510.8	-0.348274	7816.32	2656.83	7.05387
9511.8	-0.310153	7824.22	2659.21	9.19283
9512.8	-0.24679	7834.35	2661.7	11.4286
9513.8	-0.199365	7846.75	2664.21	13.5238
9514.8	-0.195513	7861	2667.03	15.2828
9515.8	-0.120618	7877.25	2669.23	16.9247
9516.8	-0.103995	7894.12	2671.03	16.9625
9517.8	-0.0921643	7911.01	2672.59	16.8948
9518.8	-0.0764984	7927.92	2673.91	16.9354
9519.8	-0.167322	7944.71	2676.34	16.8862
9520.8	-0.279503	7961.09	2680.47	16.8827
9521.8	-0.279242	7976.84	2685.06	15.1579
9522.8	-0.224441	7989.88	2688.06	11.6445
9523.8	-0.157619	7999.89	2689.55	8.47076
9524.8	-0.0865212	8006.9	2690	5.66832
9525.8	-0.0339314	8011.32	2689.88	3.40692
9526.8	-0.010813	8013.14	2689.78	0
9527.8	-0.010813	8013.14	2689.78	0
9528.8	-0.010813	8013.14	2689.78	0
9529.8	-0.010813	8013.14	2689.78	0
9530.8	-0.010813	8013.14	2689.78	0
9531.8	-0.010813	8013.14	2689.78	0
9532.8	-0.010813	8013.14	2689.78	0
9533.8	-0.010813	8013.14	2689.78	0
9534.8	-0.010813	8013.14	2689.78	0
9535.8	-0.010813	8013.14	2689.78	0
9536.8	-0.010813	8013.14	2689.78	0
9537.8	-0.010813	8013.14	2689.78	0
9538.8	-0.010813	8013.14	2689.78	0
9539.8	-0.010813	8013.14	2689.78	0
9540.8	-0.010813	8013.14	2689.78	0
9541.8	-0.010813	8013.14	2689.78	0
9542.8	-0.010813	8013.14	2689.78	0
9543.8	-0.010813	8013.14	2689.78	0
9544.8	-0.010813	8013.14	2689.78	0
9545.8	-0.010813	8013.14	2689.78	0
9546.8	-0.00604134	8013.52	2689.76	1.2289
9547.8	0.044332	8015.83	2689.36	3.17562
9548.8	0.127792	8019.99	2688.46	4.96471
9549.8	0.24425	8025.97	2686.77	6.95311
9550.8	0.296792	8033.5	2684.39	8.86537
9551.8	0.265096	8042.94	2681.91	10.8883
9552.8	0.210004	8054.24	2679.5	12.7202
9553.8	-0.848174	8062.48	2687.03	14.5211
9554.8	-2.4061	8053	2698.53	16.3372
9555.8	-2.55258	8039.2	2708.23	16.9827
9556.8	-2.55258	8025.1	2717.65	16.9396
9557.8	-2.72155	8009.8	2724.85	16.9819
9558.8	-2.72155	7994.33	2731.76	16.9367
9559.8	-2.72155	7978.86	2738.67	16.9824
9560.8	-2.72155	7963.4	2745.58	16.8971
9561.8	-2.76319	7947.76	2752.02	16.9747
9562.8	-2.8105	7931.74	2757.52	16.9936
9563.8	-2.8105	7915.73	2763.02	16.9379
9564.8	-2.8105	7899.73	2768.53	16.8764
9565.8	-2.72764	7884.11	2774.94	16.9545
9566.8	-2.62712	7869.31	2783.12	16.9246
9567.8	-2.45953	7856.24	2793.32	15.7355
9568.8	-2.35871	7846.5	2803.02	12.1801
9569.8	-2.36797	7839.05	2810.27	8.92864
9570.8	-2.36197	7833.85	2815.47	6.12328
9571.8	-2.35565	7830.53	2818.8	3.65792
9572.8	-2.35444	7829	2820.33	0.392141
9573.8	-2.35444	7829	2820.33	0
9574.8	-2.35444	7829	2820.33	0
9575.8	-2.35444	7829	2820.33	0
9576.8	-2.35444	7829	2820.33	0
9577.8	-2.35444	7829	2820.33	0
9578.8	-2.35444	7829	2820.33	0
9579.8	-2.35444	7829	2820.33	0
9580.8	-2.35444	7829	2820.33	0
9581.8	-2.35444	7829	2820.33	0
9582.8	-2.35444	7829	2820.33	0
9583.8	-2.35444	7829	2820.33	0
9584.8	-2.35444	7829	2820.33	0
9585.8	-2.35444	7829	2820.33	0
9586.8	-2.35444	7829	2820.33	0
9587.8	-2.35444	7829	2820.33	0
9588.8	-2.35444	7829	2820.33	0
9589.8	-2.35444	7829	2820.33	0
9590.8	-2.35444	7829	2820.33	0
9591.8	-2.35444	7829	2820.33	0
9592.8	-2.35444	7828.83	2820.5	0.982605
9593.8	-2.35444	7827.28	2822.06	3.12088
9594.8	-2.34794	7824.45	2825.01	4.86657
9595.8	-2.34557	7825.88	2828.29	6.75911
9596.8	-2.33321	7820.44	2833.99	8.71686
9597.8	-2.33321	7813.71	2841.04	10.5956
9598.8	-2.33321	7805.66	2849.46	12.5147
9599.8	-2.33809	7796.2	2859.28	14.5405
9600.8	-2.37333	7785.02	2870.09	16.3878
9601.8	-2.33092	7773.38	2882.28	16.9003
9602.8	-2.13653	7763.7	2896.09	16.9677
9603.8	-1.69577	7760.42	2912.4	16.9892
9604.8	-1.2471	7764.97	2928.44	16.8667
9605.8	-0.660302	7777.01	2939.63	16.9235
9606.8	-0.200711	7791.46	2946.83	16.9881
9607.8	0.0871566	7808.75	2945.94	16.958
9608.8	0.284916	7825.42	2941.27	16.9195
9609.8	0.295217	7841.97	2936.29	16.9089
9610.8	0.334958	7858.05	2930.74	16.9079
9611.8	0.364167	7873.84	2924.73	16.8906
9612.8	0.364167	7889.62	2918.71	16.9009
9613.8	0.364167	7905.39	2912.7	16.9043
9614.8	0.425567	7920.91	2906	16.8841
9615.8	0.507543	7935.8	2898.16	16.8719
9616.8	0.580685	7949.95	2888.87	16.9873
9617.8	0.580685	7963.44	2880.02	14.8044
9618.8	0.580685	7974.17	2872.98	11.2891
9619.8	0.580685	7982.16	2867.74	8.17296
9620.8	0.605845	7987.5	2863.87	5.38495
9621.8	0.62268	7990.8	2861.47	3.18203
9622.8	0.628694	7991.98	2860.61	0
9623.8	0.628694	7991.98	2860.61	0
9624.8	0.628694	7991.98	2860.61	0
9625.8	0.628694	7991.98	2860.61	0
9626.8	0.628694	7991.98	2860.61	0
9627.8	0.628694	7991.98	2860.61	0
9628.8	0.628694	7991.98	2860.61	0
9629.8	0.628694	7991.98	2860.61	0
9630.8	0.628694	7991.98	2860.61	0
9631.8	0.628694	7991.98	2860.61	0
9632.8	0.628694	7991.98	2860.61	0
9633.8	0.628694	7991.98	2860.61	0
9634.8	0.628694	7991.98	2860.61	0
9635.8	0.628694	7991.98	2860.61	0
9636.8	0.628694	7991.98	2860.61	0
9637.8	0.628694	7991.98	2860.61	0
9638.8	0.628694	7991.98	2860.61	0
9639.8	0.628694	7991.98	2860.61	0
9640.8	0.628694	7991.98	2860.61	0
9641.8	0.628694	7991.98	2860.61	0
9642.8	0.630046	7992.4	2860.3	1.42036
9643.8	0.630046	7994.53	2858.75	3.56416
9644.8	0.630046	7998.28	2856.02	5.44732
9645.8	0.630046	8003.5	2852.21	7.32247
9646.8	0.630046	8010.18	2847.34	9.13653
9647.8	0.630046	8018.37	2841.36	10.9454
9648.8	0.630046	8028.02	2834.33	12.8423
9649.8	0.630046	8039.3	2826.1	14.9234
9650.8	0.630046	8052.3	2816.63	16.9504
9651.8	0.630046	8065.96	2806.67	16.8926
9652.8	0.630046	8079.6	2796.72	16.903
9653.8	0.511845	8094.25	2788.34	16.8762
9654.8	0.511845	8109	2780.05	16.9816
9655.8	0.511845	8123.72	2771.79	16.92
9656.8	0.511845	8138.46	2763.51	16.8801
9657.8	0.511845	8153.17	2755.24	16.9262
9658.8	0.511845	8167.9	2746.97	16.9856
9659.8	0.511845	8182.64	2738.69	16.9234
9660.8	0.505987	8197.42	2730.47	16.9718
9661.8	0.501873	8212.24	2722.33	16.9822
9662.8	0.253977	8228.05	2716.98	16.8919
9663.8	0.0325892	8244.73	2715.71	16.9007
9664.8	-0.169713	8261.28	2718.25	16.0218
9665.8	-0.881065	8271.41	2728.1	14.0884
9666.8	-1.17909	8276.93	2741.01	14.0436
9667.8	-1.00824	8284.46	2752.88	14.0752
9668.8	-1.03753	8291.48	2764.72	12.7437
9669.8	-1.02932	8297.13	2774.12	9.48843
9670.8	-1.04026	8301.07	2780.92	6.61196
9671.8	-1.06575	8303.44	2785.45	4.05731
9672.8	-1.08429	8304.65	2787.97	1.34238
9673.8	-1.08508	8304.71	2788.09	0
9674.8	-1.08508	8304.71	2788.09	0
9675.8	-1.08508	8304.71	2788.09	0
9676.8	-1.08508	8304.71	2788.09	0
9677.8	-1.08508	8304.71	2788.09	0
9678.8	-1.08508	8304.71	2788.09	0
9679.8	-1.08508	8304.71	2788.09	0
9680.8	-1.08508	8304.71	2788.09	0
9681.8	-1.08508	8304.71	2788.09	0
9682.8	-1.08508	8304.71	2788.09	0
9683.8	-1.08508	8304.71	2788.09	0
9684.8	-1.08508	8304.71	2788.09	0
9685.8	-1.08508	8304.71	2788.09	0
9686.8	-1.08508	8304.71	2788.09	0
9687.8	-1.08508	8304.71	2788.09	0
9688.8	-1.08508	8304.71	2788.09	0
9689.8	-1.08508	8304.71	2788.09	0
9690.8	-1.08508	8304.71	2788.09	0
9691.8	-1.08508	8304.71	2788.09	0
9692.8	-1.08552	8304.74	2788.16	0.502941
9693.8	-1.09597	8305.51	2789.76	2.80204
9694.8	-1.11391	8307.19	2793.24	4.78485
9695.8	-1.11071	8309.84	2798.44	6.71283
9696.8	-1.09848	8313.38	2805.35	8.73477
9697.8	-1.09653	8317.88	2814.13	10.8783
9698.8	-1.12163	8326.01	2823.39	12.7824
9699.8	-1.13009	8331.85	2835.78	14.1601
9700.8	-1.14444	8337.7	2848.59	14.1406
9701.8	-1.26897	8341.89	2862.04	14.1388
9702.8	-1.26897	8346.08	2875.5	14.0551
9703.8	-1.26897	8350.26	2888.94	14.1033
9704.8	-1.26897	8354.46	2902.41	14.1239
9705.8	-1.26897	8358.64	2915.85	14.0965
9706.8	-1.26897	8362.83	2929.31	14.0942
9707.8	-1.26897	8367.02	2942.76	14.0845
9708.8	-1.26897	8371.21	2956.21	14.0873
9709.8	-1.26897	8375.4	2969.67	14.0573
9710.8	-1.26897	8379.59	2983.13	14.1275
9711.8	-1.25919	8383.89	2996.53	14.112
9712.8	-1.20616	8388.8	3009.75	14.1271
9713.8	-1.17891	8394.19	3022.79	14.1023
9714.8	-1.17891	8399.57	3035.81	14.1387
9715.8	-1.05028	8406.33	3048.13	14.0501
9716.8	-1.04433	8412.61	3058.94	10.5417
9717.8	-0.865648	8418.77	3065.39	9.49268
9718.8	-0.0980119	8430.26	3065.93	11.3741
9719.8	0.543806	8440.93	3059.48	13.3208
9720.8	0.54514	8452.89	3052.22	14.0577
9721.8	0.53347	8465.06	3045.04	14.1566
9722.8	0.551336	8477.07	3037.69	14.0319
9723.8	0.567678	8487.29	3031.18	10.6358
9724.8	0.556278	8494.87	3026.51	7.54417
9725.8	0.573342	8499.83	3023.1	4.81914
9726.8	0.591629	8502.82	3021.02	2.79802
9727.8	0.596324	8503.54	3020.52	0
9728.8	0.596324	8503.54	3020.52	0
9729.8	0.596324	8503.54	3020.52	0
9730.8	0.596324	8503.54	3020.52	0
9731.8	0.596324	8503.54	3020.52	0
9732.8	0.596324	8503.54	3020.52	0
9733.8	0.596324	8503.54	3020.52	0
9734.8	0.596324	8503.54	3020.52	0
9735.8	0.596324	8503.54	3020.52	0
9736.8	0.596324	8503.54	3020.52	0
9737.8	0.596324	8503.54	3020.52	0
9738.8	0.596324	8503.54	3020.52	0
9739.8	0.596324	8503.54	3020.52	0
9740.8	0.596324	8503.54	3020.52	0
9741.8	0.596324	8503.54	3020.52	0
9742.8	0.596324	8503.54	3020.52	0
9743.8	0.596324	8503.54	3020.52	0
9744.8	0.596324	8503.54	3020.52	0
9745.8	0.596324	8503.54	3020.52	0
9746.8	0.596324	8503.54	3020.52	0
9747.8	0.600952	8504.24	3020.03	1.84018
9748.8	0.605633	8506.61	3018.39	3.75323
9749.8	0.606244	8510.63	3015.61	5.79334
9750.8	0.578716	8516.41	3012	7.61566
9751.8	0.558827	8523.75	3007.41	9.44648
9752.8	0.558827	8532.64	3001.85	11.4216
9753.8	0.557326	8543.16	2995.29	13.2185
9754.8	0.545426	8555.06	2988.07	14.1118
9755.8	0.545426	8566.96	2980.85	13.1631
9756.8	0.548373	8576.58	2974.97	9.84777
9757.8	0.556033	8583.49	2970.67	6.85063
9758.8	0.556737	8588.02	2967.85	4.23681
9759.8	0.556737	8590.67	2966.2	2.25817
9760.8	0.556737	8592	2965.38	1.076
9761.8	0.556737	8592.56	2965.03	0.427032
9762.8	0.556737	8592.77	2964.89	0.151428
9763.8	0.556737	8592.85	2964.85	0.0551722
9764.8	0.556737	8592.87	2964.83	0.0189116
9765.8	0.556737	8593.63	2964.36	1.86058
9766.8	0.55325	8596.2	2962.81	3.84886
9767.8	0.547301	8600.39	2960.29	5.79679
9768.8	0.533462	8606.24	2956.88	7.5962
9769.8	0.520885	8613.63	2952.64	9.30611
9770.8	0.520885	8622.7	2947.44	11.3418
9771.8	0.520885	8633.37	2941.32	13.1532
9772.8	0.520885	8645.44	2934.39	14.042
9773.8	0.520885	8657.65	2927.39	14.0632
9774.8	0.520885	8669.86	2920.38	14.0991
9775.8	0.520885	8682.09	2913.37	14.1577
9776.8	0.528238	8694.28	2906.27	14.1613
9777.8	0.550093	8706.3	2898.9	14.1402
9778.8	0.550093	8718.32	2891.53	14.0822
9779.8	0.550093	8730.33	2884.16	14.0891
9780.8	0.550093	8742.34	2876.8	14.0579
9781.8	0.550093	8754.35	2869.43	14.1442
9782.8	0.548831	8766.38	2862.07	14.1131
9783.8	0.540666	8778.48	2854.81	14.145
9784.8	0.540666	8790.56	2847.56	14.0715
9785.8	0.540666	8802.64	2840.3	14.0791
9786.8	0.540666	8814.73	2833.04	14.132
9787.8	0.540666	8826.82	2825.79	14.1241
9788.8	0.543441	8838.88	2818.51	14.1493
9789.8	0.56392	8850.83	2810.98	14.1076
9790.8	0.559716	8862.75	2803.48	14.0882
9791.8	0.514079	8875.02	2796.55	14.0521
9792.8	0.543465	8887.11	2789.32	14.1533
9793.8	0.54196	8899.18	2782.04	14.0843
9794.8	0.514151	8911.15	2775.28	12.6579
9795.8	0.514151	8920.62	2769.93	9.39623
9796.8	0.518087	8927.38	2766.06	6.44256
9797.8	0.521919	8931.75	2763.54	3.91936
9798.8	0.524138	8934.1	2762.18	1.19024
9799.8	0.524333	8934.18	2762.13	0
9800.8	0.524333	8934.18	2762.13	0
9801.8	0.524333	8934.18	2762.13	0
9802.8	0.524333	8934.18	2762.13	0
9803.8	0.524333	8934.18	2762.13	0
9804.8	0.524333	8934.18	2762.13	0
9805.8	0.524333	8934.18	2762.13	0
9806.8	0.524333	8934.18	2762.13	0
9807.8	0.524333	8934.18	2762.13	0
9808.8	0.524333	8934.18	2762.13	0
9809.8	0.524333	8934.18	2762.13	0
9810.8	0.524333	8934.18	2762.13	0
9811.8	0.524333	8934.18	2762.13	0
9812.8	0.524333	8934.18	2762.13	0
9813.8	0.524333	8934.18	2762.13	0
9814.8	0.524333	8934.18	2762.13	0
9815.8	0.524333	8934.18	2762.13	0
9816.8	0.524333	8934.18	2762.13	0
9817.8	0.524333	8934.18	2762.13	0
9818.8	0.524478	8934.25	2762.09	0.506828
9819.8	0.527673	8935.7	2761.23	2.59033
9820.8	0.528369	8938.84	2759.36	4.57777
9821.8	0.536831	8943.64	2756.5	6.46733
9822.8	0.536831	8950.11	2752.65	8.35406
9823.8	0.536831	8958.24	2747.81	10.4425
9824.8	0.522567	8968.24	2742.07	12.4034
9825.8	0.513005	8979.99	2735.45	14.0612
9826.8	0.516135	8992.24	2728.5	14.1153
9827.8	0.531516	9004.38	2721.36	14.0552
9828.8	0.531516	9016.54	2714.21	14.1328
9829.8	0.523568	9028.73	2707.16	14.1108
9830.8	0.51386	9041	2700.23	14.1137
9831.8	0.549628	9053.03	2692.93	14.0684
9832.8	0.569636	9064.93	2685.36	14.1222
9833.8	0.538853	9076.99	2678.06	14.0748
9834.8	0.519317	9089.22	2671.07	14.0444
9835.8	0.519317	9101.44	2664.08	14.0489
9836.8	0.519317	9113.68	2657.09	14.1248
9837.8	0.519317	9125.91	2650.09	14.1392
9838.8	0.519317	9138.13	2643.11	14.0995
9839.8	0.519317	9150.38	2636.11	14.1374
9840.8	0.516774	9162.62	2629.14	14.0672
9841.8	0.512767	9174.91	2622.22	14.1056
9842.8	0.512767	9187.19	2615.31	14.0475
9843.8	0.512767	9199.47	2608.4	14.1311
9844.8	0.512767	9211.75	2601.48	14.1046
9845.8	0.512767	9224.02	2594.58	14.1114
9846.8	0.512767	9236.19	2587.73	13.3231
9847.8	0.515601	9246.19	2582.06	10.0319
9848.8	0.536989	9253.31	2577.75	6.96272
9849.8	0.54041	9258.05	2574.93	4.34689
9850.8	0.536357	9260.84	2573.29	2.1249
9851.8	0.535917	9261.18	2573.09	0
9852.8	0.535917	9261.18	2573.09	0
9853.8	0.535917	9261.18	2573.09	0
9854.8	0.535917	9261.18	2573.09	0
9855.8	0.535917	9261.18	2573.09	0
9856.8	0.535917	9261.18	2573.09	0
9857.8	0.535917	9261.18	2573.09	0
9858.8	0.535917	9261.18	2573.09	0
9859.8	0.535917	9261.18	2573.09	0
9860.8	0.535917	9261.18	2573.09	0
9861.8	0.535917	9261.18	2573.09	0
9862.8	0.535917	9261.18	2573.09	0
9863.8	0.535917	9261.18	2573.09	0
9864.8	0.535917	9261.18	2573.09	0
9865.8	0.535917	9261.18	2573.09	0
9866.8	0.535917	9261.18	2573.09	0
9867.8	0.535917	9261.18	2573.09	0
9868.8	0.535917	9261.18	2573.09	0
9869.8	0.535917	9261.18	2573.09	0
9870.8	0.535917	9261.18	2573.09	0
9871.8	0.534958	9262.29	2572.44	2.22882
9872.8	0.532559	9265.06	2570.81	4.08646
9873.8	0.530737	9269.59	2568.16	6.19153
9874.8	0.534485	9275.81	2564.45	8.10874
9875.8	0.557274	9283.51	2559.61	9.93553
9876.8	0.560784	9291.43	2554.64	8.12318
9877.8	0.557793	9296.97	2551.21	5.34053
9878.8	0.555824	9300.37	2549.1	2.99108
9879.8	0.554881	9302.19	2547.97	1.52166
9880.8	0.554881	9303.03	2547.45	0.631485
9881.8	0.554881	9303.36	2547.24	0.236879
9882.8	0.554881	9303.48	2547.17	0.0843584
9883.8	0.554881	9303.53	2547.14	0.0300874
9884.8	0.554881	9303.54	2547.13	0.0112571
9885.8	0.554881	9303.55	2547.13	0.00397668
9886.8	0.554881	9303.55	2547.13	0.0014305
9887.8	0.554881	9303.55	2547.13	0.000510743
9888.8	0.554881	9303.55	2547.13	0.000178322
9889.8	0.554881	9303.55	2547.13	6.56291e-05
9890.8	0.554881	9303.55	2547.13	2.27038e-05
9891.8	0.554881	9303.55	2547.13	8.24638e-06
9892.8	0.554881	9303.55	2547.13	2.84267e-06
9893.8	0.554881	9303.55	2547.13	1.03404e-06
9894.8	0.554881	9303.55	2547.13	3.76168e-07
9895.8	0.554881	9303.55	2547.13	1.34526e-07
9896.8	0.554881	9303.55	2547.13	4.88511e-08
9897.8	0.554881	9303.55	2547.13	1.69746e-08
9898.8	0.554881	9303.55	2547.13	6.11024e-09
9899.8	0.554881	9303.55	2547.13	2.2175e-09
9900.8	0.554881	9303.55	2547.13	7.8934e-10
9901.8	0.554881	9303.55	2547.13	2.81897e-10
9902.8	0.554881	9303.55	2547.13	1.01563e-10
9903.8	0.554881	9303.55	2547.13	3.64815e-11
9904.8	0.554881	9303.55	2547.13	1.2864e-11
9905.8	0.554881	9303.55	2547.13	4.80002e-12
9906.8	0.554881	9303.55	2547.13	1.61449e-12
9907.8	0.554881	9303.55	2547.13	5.99063e-13
9908.8	0.554881	9303.55	2547.13	2.52387e-13
9909.8	0.554881	9303.55	2547.13	2.52025e-13
9910.8	0.554881	9303.55	2547.13	2.51366e-13
9911.8	0.554881	9303.55	2547.13	2.60527e-13
9912.8	0.554881	9303.55	2547.13	2.53506e-13
9913.8	0.554881	9303.55	2547.13	2.56267e-13
9914.8	0.554881	9303.55	2547.13	2.51124e-13
9915.8	0.554881	9303.55	2547.13	2.53163e-13
9916.8	0.554881	9303.55	2547.13	2.4821e-13
9917.8	0.554881	9303.55	2547.13	2.59209e-13
9918.8	0.554881	9303.55	2547.13	2.50259e-13
9919.8	0.554881	9303.55	2547.13	2.4948e-13
9920.8	0.554881	9304.27	2546.68	1.78376
9921.8	0.565511	9306.73	2545.01	3.83601
9922.8	0.584128	9310.84	2542.2	5.86352
9923.8	0.600159	9316.71	2538.17	7.96346
9924.8	0.628886	9324.04	2532.74	10.0214
9925.8	0.643024	9332.95	2526.06	12.0513
9926.8	0.643024	9343.45	2518.2	13.946
9927.8	0.643024	9354.75	2509.73	14.0743
9928.8	0.643024	9366.04	2501.27	14.1256
9929.8	0.757687	9376.42	2491.79	14.1139
9930.8	0.823124	9386	2481.45	14.0346
9931.8	0.823124	9395.58	2471.11	14.1134
9932.8	0.823124	9405.17	2460.78	14.1403
9933.8	0.920239	9413.87	2449.69	14.1217
9934.8	0.925824	9422.33	2438.44	14.0378
9935.8	0.925824	9430.81	2427.16	14.0872
9936.8	0.925824	9439.29	2415.89	14.1619
9937.8	0.925824	9447.78	2404.61	14.1349
9938.8	0.925824	9456.26	2393.33	14.1116
9939.8	0.932121	9464.69	2382	14.1074
9940.8	0.932272	9473.09	2370.68	14.0895
9941.8	0.932272	9481.5	2359.36	14.041
9942.8	0.932272	9489.9	2348.03	14.0402
9943.8	0.936043	9498.27	2336.68	14.0333
9944.8	0.945434	9506.54	2325.24	14.0601
9945.8	0.919463	9515	2314.1	13.4085
9946.8	0.917371	9522.02	2304.93	10.047
9947.8	0.907887	9527.19	2298.35	6.99915
9948.8	0.882314	9530.83	2294.13	4.40182
9949.8	0.870567	9532.95	2291.66	2.12017
9950.8	0.869243	9533.21	2291.36	0
9951.8	0.869243	9533.21	2291.36	0
9952.8	0.869243	9533.21	2291.36	0
9953.8	0.869243	9533.21	2291.36	0
9954.8	0.869243	9533.21	2291.36	0
9955.8	0.869243	9533.21	2291.36	0
9956.8	0.869243	9533.21	2291.36	0
9957.8	0.869243	9533.21	2291.36	0
9958.8	0.869243	9533.21	2291.36	0
9959.8	0.869243	9533.21	2291.36	0
9960.8	0.869243	9533.21	2291.36	0
9961.8	0.869243	9533.21	2291.36	0
9962.8	0.869243	9533.21	2291.36	0
9963.8	0.869243	9533.21	2291.36	0
9964.8	0.869243	9533.21	2291.36	0
9965.8	0.869243	9533.21	2291.36	0
9966.8	0.869243	9533.21	2291.36	0
9967.8	0.869243	9533.21	2291.36	0
9968.8	0.869243	9533.21	2291.36	0
9969.8	0.869243	9533.21	2291.36	0
9970.8	0.864859	9534.06	2290.36	2.36288
9971.8	0.861226	9536.27	2287.78	4.27514
9972.8	0.862307	9539.75	2283.72	6.29974
9973.8	0.848565	9544.42	2278.52	6.49047
9974.8	0.837465	9547.81	2274.77	4.0121
9975.8	0.835069	9549.73	2272.66	2.05917
9976.8	0.833663	9550.7	2271.62	0.928555
9977.8	0.833082	9551.09	2271.19	0.366141
9978.8	0.832862	9551.25	2271.03	0.135558
9979.8	0.832784	9551.3	2270.97	0.0491009
9980.8	0.832756	9551.32	2270.95	0.0172591
9981.8	0.832746	9551.33	2270.94	0.00605909
9982.8	0.832742	9551.33	2270.94	0.00224674
9983.8	0.832741	9551.33	2270.94	0.00076951
9984.8	0.832741	9551.33	2270.94	0.000277446
9985.8	0.83274	9551.33	2270.94	0.00010313
9986.8	0.83274	9551.33	2270.94	3.54901e-05
9987.8	0.83274	9551.33	2270.94	1.30911e-05
9988.8	0.83274	9551.33	2270.94	4.79501e-06
9989.8	0.83274	9551.33	2270.94	1.63057e-06
9990.8	0.831908	9551.9	2270.32	1.86778
9991.8	0.81074	9554.06	2268.3	3.80178
9992.8	0.774286	9557.58	2265.05	5.79652
9993.8	0.744508	9562.64	2260.4	7.98054
9994.8	0.681511	9569.7	2254.9	9.79309
9995.8	0.662119	9578.4	2248.11	12.0816
9996.8	0.662119	9588.73	2240.06	13.989
9997.8	0.662119	9599.84	2231.4	14.0891
9998.8	0.651219	9611.01	2222.86	14.0705
9999.8	0.595017	9622.67	2214.97	14.0807
10000.8	0.595048	9632.46	2204.35	14.11
10001.8	0.595048	9644.15	2196.45	14.1204
10002.8	0.583799	9655.89	2188.66	14.0429
10003.8	0.564732	9667.79	2181.12	14.0762
10004.8	0.564732	9679.71	2173.57	14.0551
10005.8	0.541356	9691.81	2166.24	14.1136
10006.8	0.469486	9704.48	2159.78	14.1431
10007.8	0.419971	9717.43	2153.9	14.0381
10008.8	0.343213	9730.81	2148.99	14.0804
10009.8	0.329097	9744.27	2144.39	14.1346
10010.8	0.329097	9757.73	2139.79	14.0449
10011.8	0.221044	9771.57	2136.57	14.1169
10012.8	0.221044	9785.43	2133.45	14.0548
10013.8	0.136758	9799.45	2131.35	14.117
10014.8	0.109279	9813.59	2129.79	14.1199
10015.8	0.109279	9827.72	2128.24	14.0494
10016.8	-0.271721	9841.23	2131.19	14.1366
10017.8	-0.382431	9854.41	2136.49	14.08
10018.8	-0.469918	9867.14	2142.75	14.1237
10019.8	-0.502622	9879.61	2149.6	14.1363
10020.8	-0.958436	9889	2161.36	14.0387
10021.8	-1.23604	9892.7	2173.52	14.0754
10022.8	-0.714405	9901.41	2181.32	11.4195
10023.8	-0.300917	9909.93	2183.48	8.28518
10024.8	-0.0308687	9916	2183.05	5.42654
10025.8	0.122057	9919.73	2182.08	3.66293
10026.8	0.354849	9923.86	2179.76	6.12882
10027.8	0.633605	9929.25	2175.13	8.01852
10028.8	0.791131	9936.13	2168.45	9.21348
10029.8	1.48907	9936.6	2157.23	11.3464
10030.8	1.58153	9936.4	2145.73	13.2609
10031.8	0.931547	9944.53	2134.66	14.1249
10032.8	0.931547	9952.9	2123.4	14.1368
10033.8	0.931547	9961.28	2112.12	14.1234
10034.8	0.763476	9971.15	2102.19	14.0867
10035.8	0.743908	9981.48	2092.68	14.0327
10036.8	0.743718	9991.85	2083.14	14.1484
10037.8	0.743762	10001.7	2074.1	12.0432
10038.8	0.743762	10009.2	2067.19	8.7587
10039.8	0.743762	10014.5	2062.34	5.86667
10040.8	0.743762	10017.8	2059.27	3.56111
10041.8	0.743762	10019.6	2057.57	1.78746
10042.8	0.743762	10020.5	2056.76	0.795977
10043.8	0.743762	10020.9	2056.42	0.307676
10044.8	0.743762	10021	2056.3	0.110723
10045.8	0.743762	10021.1	2056.25	0.0390084
10046.8	0.743762	10021.1	2056.24	0.0137581
10047.8	0.743762	10021.1	2056.23	0.00503067
10048.8	0.743762	10021.1	2056.23	0.00185338
10049.8	0.743762	10021.1	2056.23	0.000666689
10050.8	0.743762	10021.1	2056.23	0.000236671
10051.8	0.743762	10021.1	2056.23	8.04684e-05
10052.8	0.743762	10021.1	2056.23	3.01081e-05
10053.8	0.743762	10021.1	2056.23	1.04852e-05
10054.8	0.743762	10021.1	2056.23	3.78963e-06
10055.8	0.743762	10021.1	2056.23	1.33819e-06
10056.8	0.743762	10021.1	2056.23	4.97097e-07
10057.8	0.743762	10021.1	2056.23	1.76446e-07
10058.8	0.743762	10021.1	2056.23	6.34674e-08
10059.8	0.743762	10021.1	2056.23	2.18449e-08
10060.8	0.743762	10021.1	2056.23	7.93748e-09
10061.8	0.743762	10021.1	2056.23	2.90224e-09
10062.8	0.743762	10021.1	2056.23	1.05106e-09
10063.8	0.743762	10021.1	2056.23	3.67179e-10
10064.8	0.743762	10021.1	2056.23	1.32901e-10
10065.8	0.743762	10021.1	2056.23	4.84686e-11
10066.8	0.743762	10021.1	2056.23	1.74182e-11
10067.8	0.743762	10021.1	2056.23	6.29465e-12
10068.8	0.743762	10021.1	2056.23	2.15526e-12
10069.8	0.743762	10021.1	2056.23	8.13588e-13
10070.8	0.743762	10021.1	2056.23	2.95609e-13
10071.8	0.743762	10021.1	2056.23	1.01899e-13
10072.8	0.743762	10021.1	2056.23	3.22811e-14
10073.8	0.743762	10021.1	2056.23	3.22838e-14
10074.8	0.743762	10021.1	2056.23	3.20417e-14
10075.8	0.743762	10021.1	2056.23	3.28197e-14
10076.8	0.743762	10021.1	2056.23	3.21544e-14
10077.8	0.743762	10021.1	2056.23	3.20323e-14
10078.8	0.743762	10021.1	2056.23	3.2285e-14
10079.8	0.743762	10021.1	2056.23	3.2527e-14
10080.8	0.743762	10021.7	2055.64	1.84679
10081.8	0.74379	10024	2053.61	3.96811
10082.8	0.743839	10027.6	2050.23	5.83061
10083.8	0.744879	10032.7	2045.58	7.72551
10084.8	0.744544	10039.2	2039.58	9.66559
10085.8	0.74379	10047.1	2032.33	11.5985
10086.8	0.74379	10056.4	2023.73	13.6481
10087.8	0.74379	10066.8	2014.2	14.1429
10088.8	0.74379	10077.1	2004.66	14.1341
10089.8	0.749909	10087.4	1995.06	14.1203
10090.8	0.749909	10097.8	1985.45	14.1051
10091.8	0.749909	10108.1	1975.84	14.0564
10092.8	0.749909	10118.4	1966.25	14.0723
10093.8	0.75614	10128.6	1956.59	14.0478
10094.8	0.740063	10139	1947.11	14.1291
10095.8	0.731557	10149.2	1937.95	12.6008
10096.8	0.731173	10157.2	1930.74	9.35569
10097.8	0.719531	10163.1	1925.68	6.42439
10098.8	0.724701	10166.8	1922.31	3.86779
10099.8	0.73256	10168.7	1920.49	1.24059
10100.8	0.732892	10168.8	1920.41	0
10101.8	0.732892	10168.8	1920.41	0
10102.8	0.732892	10168.8	1920.41	0
10103.8	0.732892	10168.8	1920.41	0
10104.8	0.732892	10168.8	1920.41	0
10105.8	0.732892	10168.8	1920.41	0
10106.8	0.732892	10168.8	1920.41	0
10107.8	0.732892	10168.8	1920.41	0
10108.8	0.732892	10168.8	1920.41	0
10109.8	0.732892	10168.8	1920.41	0
10110.8	0.732892	10168.8	1920.41	0
10111.8	0.732892	10168.8	1920.41	0
10112.8	0.732892	10168.8	1920.41	0
10113.8	0.732892	10168.8	1920.41	0
10114.8	0.732892	10168.8	1920.41	0
10115.8	0.732892	10168.8	1920.41	0
10116.8	0.732892	10168.8	1920.41	0
10117.8	0.732892	10168.8	1920.41	0
10118.8	0.732892	10168.8	1920.41	0
10119.8	0.733116	10168.9	1920.36	0.510393
10120.8	0.737885	10170.1	1919.21	2.50785
10121.8	0.74591	10172.8	1916.66	4.59488
10122.8	0.749957	10177	1912.79	6.52977
10123.8	0.748572	10182.5	1907.69	8.29629
10124.8	0.74336	10189.4	1901.33	10.3024
10125.8	0.743929	10197.8	1893.59	12.3564
10126.8	0.744021	10207.7	1884.52	14.129
10127.8	0.744021	10218.1	1874.96	14.1532
10128.8	0.744021	10228.4	1865.41	14.1468
10129.8	0.744021	10238.8	1855.86	14.0805
10130.8	0.744021	10249.2	1846.31	14.0573
10131.8	0.744021	10259.5	1836.78	14.0327
10132.8	0.744021	10269.9	1827.24	14.0461
10133.8	0.744021	10280.3	1817.7	14.0678
10134.8	0.744021	10290.6	1808.15	14.1311
10135.8	0.743771	10301	1798.61	14.1588
10136.8	0.742182	10311.4	1789.09	14.0333
10137.8	0.727381	10321.9	1779.76	14.0871
10138.8	0.711275	10332.4	1770.63	14.0881
10139.8	0.711275	10343	1761.51	14.0384
10140.8	0.711275	10353.6	1752.39	14.1506
10141.8	0.711275	10364.2	1743.28	14.1021
10142.8	0.711275	10374.8	1734.16	14.1379
10143.8	0.498971	10386.8	1727.13	14.1021
10144.8	0.195183	10400.2	1723.89	14.0957
10145.8	-0.0295206	10414.2	1724.3	14.1427
10146.8	-0.141916	10427.9	1726.03	14.1039
10147.8	-0.303131	10441.3	1730.2	14.0828
10148.8	-0.347091	10454.4	1734.86	14.1456
10149.8	-0.38819	10467.3	1740.14	14.1178
10150.8	-0.38819	10480.3	1745.43	14.1523
10151.8	-0.38819	10493.2	1750.72	14.1162
10152.8	-0.412201	10506	1756.28	14.159
10153.8	-0.43143	10518.8	1762.15	14.0854
10154.8	-0.43143	10531.6	1768.03	14.1604
10155.8	-0.43143	10544.3	1773.91	14.0572
10156.8	-0.43143	10557.1	1779.79	14.1355
10157.8	-0.43143	10569.9	1785.67	14.1557
10158.8	-0.43143	10582.7	1791.55	14.1402
10159.8	-0.569272	10594.6	1798.87	14.0719
10160.8	-0.683044	10605.6	1807.59	14.1403
10161.8	-0.758946	10615.8	1817.25	14.1037
10162.8	-0.758946	10626	1826.93	14.112
10163.8	-0.798472	10635.9	1836.93	14.1123
10164.8	-0.874685	10644.9	1847.73	14.1361
10165.8	-0.874685	10653.9	1858.51	14.1145
10166.8	-0.874685	10662.9	1869.31	14.0955
10167.8	-0.874685	10671.9	1880.09	14.0431
10168.8	-0.874685	10680.9	1890.81	13.4087
10169.8	-0.874685	10688.3	1899.7	10.0794
10170.8	-0.86567	10693.8	1906.09	7.12565
10171.8	-0.817758	10697.8	1910	4.45119
10172.8	-0.783294	10700.7	1912.81	4.76685
10173.8	-0.845999	10703.4	1916.52	6.95094
10174.8	-1.93158	10699.2	1921.82	8.80698
10175.8	-2.20701	10693	1930.84	10.9574
10176.8	-1.72556	10691	1943.88	12.9227
10177.8	-1.30531	10694.4	1958.23	14.0757
10178.8	-2.30086	10689.3	1965.23	14.0713
10179.8	-2.48441	10678.2	1973.84	14.0367
10180.8	-2.48441	10667	1982.46	14.1049
10181.8	-2.48441	10655.8	1991.07	14.1015
10182.8	-2.48441	10644.7	1999.69	14.1556
10183.8	-2.48441	10633.5	2008.32	14.077
10184.8	-2.48441	10622.3	2016.95	14.077
10185.8	-2.48441	10611.1	2025.57	14.1344
10186.8	-2.4698	10600.1	2034.34	14.1506
10187.8	-2.43877	10589.3	2043.45	14.1496
10188.8	-2.43877	10578.5	2052.58	14.1095
10189.8	-2.43877	10567.8	2061.69	14.0574
10190.8	-2.43877	10557	2070.81	14.1033
10191.8	-2.43877	10546.2	2079.92	14.1298
10192.8	-2.43877	10535.5	2089.04	14.0505
10193.8	-2.43877	10524.7	2098.16	14.0714
10194.8	-2.43837	10513.9	2107.3	14.1419
10195.8	-2.42288	10503.3	2116.56	14.0711
10196.8	-2.42288	10492.7	2125.84	14.0713
10197.8	-2.42288	10482.1	2135.13	14.1421
10198.8	-2.42288	10471.5	2144.42	14.0689
10199.8	-2.42288	10460.9	2153.7	14.0785
10200.8	-2.42288	10450.3	2162.98	14.0629
10201.8	-2.42288	10439.7	2172.28	14.1176
10202.8	-2.42288	10429	2181.57	14.1216
10203.8	-2.42288	10418.4	2190.86	14.1364
10204.8	-2.42288	10407.8	2200.13	14.0869
10205.8	-2.42288	10397.2	2209.43	14.106
10206.8	-2.42288	10386.6	2218.72	14.0585
10207.8	-2.40979	10376	2228.2	14.0919
10208.8	-2.38372	10365.6	2238.02	14.0573
10209.8	-2.42079	10355	2247.32	14.0727
10210.8	-2.43695	10344.3	2256.41	14.071
10211.8	-2.42554	10333.7	2265.63	14.0677
10212.8	-2.42553	10324.3	2273.84	11.0341
10213.8	-2.42788	10317.3	2279.9	7.8738
10214.8	-2.42595	10312.5	2284.09	5.21447
10215.8	-2.42331	10309.6	2286.67	2.91105
10216.8	-2.4219	10308.7	2287.44	0
10217.8	-2.4219	10308.7	2287.44	0
10218.8	-2.4219	10308.7	2287.44	0
10219.8	-2.4219	10308.7	2287.44	0
10220.8	-2.4219	10308.7	2287.44	0
10221.8	-2.4219	10308.7	2287.44	0
10222.8	-2.4219	10308.7	2287.44	0
10223.8	-2.4219	10308.7	2287.44	0
10224.8	-2.4219	10308.7	2287.44	0
10225.8	-2.4219	10308.7	2287.44	0
10226.8	-2.4219	10308.7	2287.44	0
10227.8	-2.4219	10308.7	2287.44	0
10228.8	-2.4219	10308.7	2287.44	0
10229.8	-2.4219	10308.7	2287.44	0
10230.8	-2.4219	10308.7	2287.44	0
10231.8	-2.4219	10308.7	2287.44	0
10232.8	-2.4219	10308.7	2287.44	0
10233.8	-2.4219	10308.7	2287.44	0
10234.8	-2.4219	10308.7	2287.44	0
10235.8	-2.4219	10308.7	2287.44	0
10236.8	-2.42109	10308.2	2287.89	1.59281
10237.8	-2.41918	10306.1	2289.72	3.7095
10238.8	-2.4159	10302.6	2292.91	5.59289
10239.8	-2.39965	10297.7	2297.46	7.554
10240.8	-2.38706	10291.5	2303.3	9.37846
10241.8	-2.37704	10284	2310.46	10.7573
10242.8	-2.39659	10277.4	2316.53	7.70747
10243.8	-2.42656	10272.7	2320.51	4.98571
10244.8	-2.43549	10269.9	2322.93	2.84451
10245.8	-2.43539	10268.4	2324.21	1.35359
10246.8	-2.43534	10267.7	2324.78	0.561605
10247.8	-2.43533	10267.4	2325	0.211343
10248.8	-2.43532	10267.4	2325.08	0.0749241
10249.8	-2.43532	10267.3	2325.11	0.0269534
10250.8	-2.43532	10267.3	2325.12	0.0098633
10251.8	-2.43532	10267.3	2325.12	0.00352613
10252.8	-2.43532	10267.3	2325.12	0.00124312
10253.8	-2.43532	10267.3	2325.12	0.000447474
10254.8	-2.43532	10267.3	2325.12	0.000157476
10255.8	-2.43532	10267.3	2325.12	5.85547e-05
10256.8	-2.43532	10267.3	2325.12	2.10423e-05
10257.8	-2.43532	10267.3	2325.12	7.27896e-06
10258.8	-2.43532	10267.3	2325.12	2.68643e-06
10259.8	-2.43532	10267.3	2325.12	9.81612e-07
10260.8	-2.43528	10266.7	2325.66	1.78686
10261.8	-2.43455	10264.4	2327.58	3.87204
10262.8	-2.43329	10260.7	2330.82	5.83768
10263.8	-2.43093	10255.4	2335.35	7.79833
10264.8	-2.42881	10248.7	2341.13	9.67245
10265.8	-2.42881	10240.6	2348.16	11.6423
10266.8	-2.42881	10230.9	2356.5	13.6754
10267.8	-2.42881	10220.3	2365.71	14.1082
10268.8	-2.42881	10209.6	2374.94	14.1439
10269.8	-2.42881	10198.9	2384.16	14.0695
10270.8	-2.42881	10188.3	2393.36	14.0422
10271.8	-2.42881	10177.6	2402.57	14.0694
10272.8	-2.42881	10167	2411.78	14.1225
10273.8	-2.42881	10156.3	2421	14.0406
10274.8	-2.42881	10145.6	2430.23	14.1587
10275.8	-2.42881	10135	2439.44	14.034
10276.8	-2.42881	10124.3	2448.67	14.1082
10277.8	-2.42881	10113.6	2457.89	14.0861
10278.8	-2.42881	10103	2467.11	14.085
10279.8	-2.42829	10092.3	2476.33	14.1591
10280.8	-2.4264	10081.7	2485.58	14.0339
10281.8	-2.42377	10071	2494.85	14.1564
10282.8	-2.42377	10060.4	2504.11	14.1032
10283.8	-2.42377	10049.8	2513.37	14.1109
10284.8	-2.42534	10039.2	2522.63	14.1122
10285.8	-2.43332	10028.5	2531.79	14.1115
10286.8	-2.43332	10017.8	2540.96	14.1026
10287.8	-2.43332	10007.1	2550.13	14.1184
10288.8	-2.43074	9996.41	2559.33	14.0951
10289.8	-2.38325	9985.91	2569.27	14.1464
10290.8	-2.41508	9975.29	2578.8	14.0673
10291.8	-2.41104	9964.8	2588.2	14.0349
10292.8	-2.42007	9954.26	2597.49	14.0586
10293.8	-2.40502	9943.78	2606.93	14.1596
10294.8	-2.38966	9933.5	2616.56	14.1333
10295.8	-2.41351	9923.38	2625.61	12.4211
10296.8	-2.41919	9915.42	2632.62	9.17162
10297.8	-2.4192	9909.77	2637.61	6.32585
10298.8	-2.41989	9906.11	2640.81	3.78636
10299.8	-2.42151	9904.27	2642.43	0.81652
10300.8	-2.42154	9904.24	2642.45	0
10301.8	-2.42154	9904.24	2642.45	0
10302.8	-2.42154	9904.24	2642.45	0
10303.8	-2.42154	9904.24	2642.45	0
10304.8	-2.42154	9904.24	2642.45	0
10305.8	-2.42154	9904.24	2642.45	0
10306.8	-2.42154	9904.24	2642.45	0
10307.8	-2.42154	9904.24	2642.45	0
10308.8	-2.42154	9904.24	2642.45	0
10309.8	-2.42154	9904.24	2642.45	0
10310.8	-2.42154	9904.24	2642.45	0
10311.8	-2.42154	9904.24	2642.45	0
10312.8	-2.42154	9904.24	2642.45	0
10313.8	-2.42154	9904.24	2642.45	0
10314.8	-2.42154	9904.24	2642.45	0
10315.8	-2.42154	9904.24	2642.45	0
10316.8	-2.42154	9904.24	2642.45	0
10317.8	-2.42154	9904.24	2642.45	0
10318.8	-2.42154	9904.24	2642.45	0
10319.8	-2.42164	9904.13	2642.55	0.755766
10320.8	-2.42275	9902.65	2643.84	2.8424
10321.8	-2.42275	9899.76	2646.37	4.68842
10322.8	-2.42275	9895.37	2650.21	6.6665
10323.8	-2.42275	9889.6	2655.27	8.499
10324.8	-2.42275	9882.4	2661.57	10.5316
10325.8	-2.42275	9873.64	2669.23	12.4671
10326.8	-2.42611	9863.46	2678.08	14.1394
10327.8	-2.43333	9852.78	2687.23	14.0715
10328.8	-2.43333	9842.09	2696.39	14.0723
10329.8	-2.43333	9831.39	2705.55	14.1054
10330.8	-2.43333	9820.7	2714.71	14.0344
10331.8	-2.43229	9810.03	2723.87	14.1218
10332.8	-2.43174	9799.35	2733.04	14.1566
10333.8	-2.43174	9788.68	2742.21	14.0891
10334.8	-2.43174	9778	2751.39	14.097
10335.8	-2.43121	9767.31	2760.58	14.1208
10336.8	-2.4231	9756.7	2769.85	14.1164
10337.8	-2.4231	9746.11	2779.12	14.1077
10338.8	-2.4231	9735.5	2788.4	14.1552
10339.8	-2.4231	9724.9	2797.67	14.0441
10340.8	-2.43595	9714.2	2806.82	14.137
10341.8	-2.45977	9703.25	2815.7	14.1583
10342.8	-2.45977	9692.31	2824.59	14.0537
10343.8	-2.45731	9681.38	2833.5	14.1455
10344.8	-2.41133	9670.89	2842.89	14.0612
10345.8	-2.41133	9660.39	2852.29	14.0812
10346.8	-2.41133	9649.89	2861.69	14.1575
10347.8	-2.41133	9639.4	2871.08	14.0708
10348.8	-2.42399	9628.79	2880.35	14.1562
10349.8	-2.42399	9618.17	2889.61	14.1018
10350.8	-2.42399	9607.55	2898.88	14.1231
10351.8	-2.42399	9598.14	2907.09	10.6602
10352.8	-2.42399	9591.4	2912.97	7.55158
10353.8	-2.42399	9586.84	2916.96	4.88031
10354.8	-2.42399	9584.09	2919.36	2.77535
10355.8	-2.42399	9582.66	2920.61	1.34864
10356.8	-2.42399	9582.02	2921.16	0.5478
10357.8	-2.42399	9581.77	2921.38	0.203022
10358.8	-2.42399	9581.68	2921.46	0.0739505
10359.8	-2.42399	9581.65	2921.49	0.0253886
10360.8	-2.42399	9581.64	2921.5	0.00910908
10361.8	-2.42399	9581.64	2921.5	0.0033519
10362.8	-2.42399	9581.63	2921.5	0.0012279
10363.8	-2.42399	9581.63	2921.5	0.000432326
10364.8	-2.42399	9581.63	2921.5	0.000156651
10365.8	-2.42399	9581.63	2921.5	5.44084e-05
10366.8	-2.42399	9581.63	2921.5	1.94433e-05
10367.8	-2.42399	9581.63	2921.5	7.15152e-06
10368.8	-2.42399	9581.63	2921.5	2.48474e-06
10369.8	-2.42399	9581.63	2921.5	8.93765e-07
10370.8	-2.42399	9581.63	2921.5	3.32641e-07
10371.8	-2.42399	9581.63	2921.5	1.13839e-07
10372.8	-2.42399	9581.63	2921.5	4.18843e-08
10373.8	-2.42399	9581.63	2921.5	1.53564e-08
10374.8	-2.42399	9581.63	2921.5	5.43567e-09
10375.8	-2.42399	9581.63	2921.5	1.96899e-09
10376.8	-2.42399	9581.63	2921.5	6.85546e-10
10377.8	-2.42399	9581.63	2921.5	2.45199e-10
10378.8	-2.42399	9581.63	2921.5	8.69061e-11
10379.8	-2.42399	9581.63	2921.5	3.14201e-11
10380.8	-2.42399	9581.63	2921.5	1.1041e-11
10381.8	-2.42399	9581.63	2921.5	4.0529e-12
10382.8	-2.42399	9581.63	2921.5	1.41314e-12
10383.8	-2.42399	9581.63	2921.5	5.29681e-13
10384.8	-2.42399	9581.63	2921.5	5.3898e-13
10385.8	-2.42399	9581.63	2921.5	5.44421e-13
10386.8	-2.42399	9581.63	2921.5	5.42103e-13
10387.8	-2.42399	9581.63	2921.5	5.29737e-13
10388.8	-2.42399	9581.63	2921.5	5.43823e-13
10389.8	-2.42399	9581.63	2921.5	5.39699e-13
10390.8	-2.42399	9581.63	2921.5	5.21253e-13
10391.8	-2.42399	9581.63	2921.5	5.28078e-13
10392.8	-2.42399	9581.63	2921.5	5.37224e-13
10393.8	-2.42399	9581.63	2921.5	5.20216e-13
10394.8	-2.42399	9581.63	2921.5	5.44742e-13
10395.8	-2.42399	9581.63	2921.5	5.22732e-13
10396.8	-2.42399	9581.63	2921.5	5.4026e-13
10397.8	-2.42399	9581.63	2921.5	5.33014e-13
10398.8	-2.42399	9581.63	2921.5	5.18327e-13
10399.8	-2.42399	9581.63	2921.5	5.22319e-13
10400.8	-2.42399	9580.99	2922.06	1.85403
10401.8	-2.42101	9578.86	2923.97	3.66943
10402.8	-2.41576	9575.28	2927.18	5.75502
10403.8	-2.41081	9570.17	2931.76	7.67549
10404.8	-2.40695	9563.64	2937.68	9.60199
10405.8	-2.41573	9555.76	2944.67	11.4135
10406.8	-2.42417	9546.39	2952.85	13.3039
10407.8	-2.42434	9537.6	2960.51	10.2437
10408.8	-2.43368	9531.14	2966	7.19315
10409.8	-2.43724	9526.84	2969.66	4.45553
10410.8	-2.43858	9524.29	2971.81	2.2128
10411.8	-2.43875	9523.96	2972.09	0
10412.8	-2.43875	9523.96	2972.09	0
10413.8	-2.43875	9523.96	2972.09	0
10414.8	-2.43875	9523.96	2972.09	0
10415.8	-2.43875	9523.96	2972.09	0
10416.8	-2.43875	9523.96	2972.09	0
10417.8	-2.43875	9523.96	2972.09	0
10418.8	-2.43875	9523.96	2972.09	0
10419.8	-2.43875	9523.96	2972.09	0
10420.8	-2.43875	9523.96	2972.09	0
10421.8	-2.43875	9523.96	2972.09	0
10422.8	-2.43875	9523.96	2972.09	0
10423.8	-2.43875	9523.96	2972.09	0
10424.8	-2.43875	9523.96	2972.09	0
10425.8	-2.43875	9523.96	2972.09	0
10426.8	-2.43875	9523.96	2972.09	0
10427.8	-2.43875	9523.96	2972.09	0
10428.8	-2.43875	9523.96	2972.09	0
10429.8	-2.43875	9523.96	2972.09	0
10430.8	-2.43875	9523.96	2972.09	0
10431.8	-2.43929	9522.95	2972.93	2.39178
10432.8	-2.44132	9520.32	2975.14	4.22208
10433.8	-2.44348	9516.28	2978.53	6.17249
10434.8	-2.44223	9510.8	2983.14	8.07379
10435.8	-2.43919	9503.8	2989.07	10.1688
10436.8	-2.44129	9495.31	2996.22	12.0301
10437.8	-2.44571	9485.17	3004.69	14.1552
10438.8	-2.44571	9474.36	3013.72	14.1449
10439.8	-2.45465	9463.51	3022.65	14.0692
10440.8	-2.46336	9452.54	3031.48	14.1575
10441.8	-2.46336	9441.58	3040.32	14.133
10442.8	-2.46336	9430.62	3049.14	14.1525
10443.8	-2.46336	9419.67	3057.97	14.0447
10444.8	-2.46336	9408.72	3066.79	14.1296
10445.8	-2.48713	9397.58	3075.4	14.1422
10446.8	-2.4893	9386.41	3083.93	14.0347
10447.8	-2.4893	9375.22	3092.48	14.1017
10448.8	-2.49894	9363.98	3100.92	14.0502
10449.8	-2.50831	9352.62	3109.26	14.1389
10450.8	-2.50831	9341.3	3117.57	14.0406
10451.8	-2.50887	9329.96	3125.88	14.1001
10452.8	-2.52108	9318.53	3134.06	14.0913
10453.8	-2.52108	9307.09	3142.23	14.0928
10454.8	-2.52108	9295.66	3150.4	14.0819
10455.8	-2.52108	9284.2	3158.59	14.1108
10456.8	-2.52108	9272.75	3166.77	14.115
10457.8	-2.52108	9261.31	3174.95	14.1005
10458.8	-2.52108	9249.86	3183.13	14.0496
10459.8	-2.52108	9238.41	3191.32	14.0716
10460.8	-2.52108	9226.98	3199.49	14.1409
10461.8	-2.52108	9215.53	3207.67	14.1309
10462.8	-2.57907	9203.71	3215.27	14.0443
10463.8	-2.59834	9191.67	3222.53	14.0845
10464.8	-2.59834	9179.64	3229.8	14.1601
10465.8	-2.59834	9167.6	3237.07	14.0359
10466.8	-2.59834	9155.56	3244.34	14.0487
10467.8	-2.59834	9143.51	3251.61	14.153
10468.8	-2.59834	9131.47	3258.89	14.1403
10469.8	-2.59834	9119.43	3266.16	14.0662
10470.8	-2.59834	9107.4	3273.42	14.0777
10471.8	-2.59834	9095.36	3280.7	14.0898
10472.8	-2.59834	9083.33	3287.96	14.1234
10473.8	-2.64126	9071.01	3294.77	14.097
10474.8	-2.64126	9058.67	3301.51	14.0748
10475.8	-2.64126	9046.32	3308.27	14.087
10476.8	-2.64126	9033.98	3315.02	14.0859
10477.8	-2.64126	9021.65	3321.76	13.9792
10478.8	-2.62021	9011.13	3327.79	10.6691
10479.8	-2.60922	9003.43	3332.33	7.59759
10480.8	-2.62795	8998.11	3335.2	4.90129
10481.8	-2.64015	8994.9	3336.93	2.69151
10482.8	-2.64298	8994.15	3337.33	0
10483.8	-2.64298	8994.15	3337.33	0
10484.8	-2.64298	8994.15	3337.33	0
10485.8	-2.64298	8994.15	3337.33	0
10486.8	-2.64298	8994.15	3337.33	0
10487.8	-2.64298	8994.15	3337.33	0
10488.8	-2.64298	8994.15	3337.33	0
10489.8	-2.64298	8994.15	3337.33	0
10490.8	-2.64298	8994.15	3337.33	0
10491.8	-2.64298	8994.15	3337.33	0
10492.8	-2.64298	8994.15	3337.33	0
10493.8	-2.64298	8994.15	3337.33	0
10494.8	-2.64298	8994.15	3337.33	0
10495.8	-2.64298	8994.15	3337.33	0
10496.8	-2.64298	8994.15	3337.33	0
10497.8	-2.64298	8994.15	3337.33	0
10498.8	-2.64298	8994.15	3337.33	0
10499.8	-2.64298	8994.15	3337.33	0
10500.8	-2.64298	8994.15	3337.33	0
10501.8	-2.64298	8994.15	3337.33	0
10502.8	-2.64587	8993.39	3337.73	1.85083
10503.8	-2.64932	8990.7	3339.18	3.96197
10504.8	-2.65138	8986.2	3341.57	5.93979
10505.8	-2.65532	8980.06	3344.8	7.78684
10506.8	-2.65612	8972.24	3348.93	9.6772
10507.8	-2.65612	8962.68	3353.97	11.7655
10508.8	-2.65612	8951.34	3359.95	13.7468
10509.8	-2.66678	8938.85	3366.4	14.0991
10510.8	-2.6986	8926.16	3372.42	14.0332
10511.8	-2.6986	8913.45	3378.45	14.1338
10512.8	-2.6986	8900.89	3384.41	13.1883
10513.8	-2.6986	8890.66	3389.26	9.83903
10514.8	-2.70414	8883.24	3392.71	6.87152
10515.8	-2.71799	8878.28	3394.88	4.26219
10516.8	-2.72601	8875.41	3396.14	2.31863
10517.8	-2.72922	8873.95	3396.77	1.07554
10518.8	-2.72922	8873.32	3397.05	0.430433
10519.8	-2.72922	8873.09	3397.15	0.15312
10520.8	-2.72922	8873	3397.19	0.0566252
10521.8	-2.72922	8872.97	3397.2	0.020331
10522.8	-2.72922	8872.96	3397.21	0.0070633
10523.8	-2.72922	8872.96	3397.21	0.00254943
10524.8	-2.72922	8872.96	3397.21	0.000937247
10525.8	-2.72922	8872.96	3397.21	0.000327978
10526.8	-2.72922	8872.96	3397.21	0.000117691
10527.8	-2.72922	8872.96	3397.21	4.32122e-05
10528.8	-2.72922	8872.96	3397.21	1.58148e-05
10529.8	-2.72922	8872.96	3397.21	5.61626e-06
10530.8	-2.72922	8872.17	3397.55	1.82824
10531.8	-2.71686	8869.49	3398.89	3.84336
10532.8	-2.69553	8865	3401.14	5.71477
10533.8	-2.67702	8858.76	3404.26	7.76897
10534.8	-2.65805	8850.86	3408.48	9.6653
10535.8	-2.68102	8841.27	3413.16	11.5375
10536.8	-2.71869	8829.65	3418.39	13.6843
10537.8	-2.71869	8816.82	3424.16	14.1098
10538.8	-2.71869	8804	3429.94	14.0584
10539.8	-2.71869	8791.19	3435.7	14.0472
10540.8	-2.71869	8778.34	3441.48	14.0643
10541.8	-2.71869	8765.51	3447.26	14.0537
10542.8	-2.71869	8752.68	3453.03	14.127
10543.8	-2.71869	8739.85	3458.81	14.1435
10544.8	-2.76621	8726.76	3464.01	14.1462
10545.8	-2.76621	8713.65	3469.18	14.1389
10546.8	-2.76621	8700.57	3474.33	14.0392
10547.8	-2.76621	8687.46	3479.5	14.0519
10548.8	-2.76621	8674.37	3484.66	14.0928
10549.8	-2.76621	8661.28	3489.82	14.1306
10550.8	-2.76621	8648.18	3494.97	14.052
10551.8	-2.76621	8635.09	3500.13	14.059
10552.8	-2.80273	8621.82	3504.87	14.0428
10553.8	-2.80273	8608.57	3509.54	14.0333
10554.8	-2.80273	8595.31	3514.22	14.0698
10555.8	-2.80273	8582.05	3518.89	14.0713
10556.8	-2.80273	8568.77	3523.57	14.155
10557.8	-2.79679	8556.64	3527.92	11.4011
10558.8	-2.79338	8547.53	3531.23	8.33667
10559.8	-2.8098	8541.16	3533.33	5.45901
10560.8	-2.81997	8537.21	3534.64	3.21921
10561.8	-2.82253	8535.79	3535.11	0
10562.8	-2.82253	8535.79	3535.11	0
10563.8	-2.82253	8535.79	3535.11	0
10564.8	-2.82253	8535.79	3535.11	0
10565.8	-2.82253	8535.79	3535.11	0
10566.8	-2.82253	8535.79	3535.11	0
10567.8	-2.82253	8535.79	3535.11	0
10568.8	-2.82253	8535.79	3535.11	0
10569.8	-2.82253	8535.79	3535.11	0
10570.8	-2.82253	8535.79	3535.11	0
10571.8	-2.82253	8535.79	3535.11	0
10572.8	-2.82253	8535.79	3535.11	0
10573.8	-2.82253	8535.79	3535.11	0
10574.8	-2.82253	8535.79	3535.11	0
10575.8	-2.82253	8535.79	3535.11	0
10576.8	-2.82253	8535.79	3535.11	0
10577.8	-2.82253	8535.79	3535.11	0
10578.8	-2.82253	8535.79	3535.11	0
10579.8	-2.82253	8535.79	3535.11	0
10580.8	-2.82253	8535.79	3535.11	0
10581.8	-2.82253	8535.29	3535.27	1.45185
10582.8	-2.82281	8532.91	3536.06	3.4533
10583.8	-2.82944	8528.58	3537.4	5.45337
10584.8	-2.83895	8522.37	3539.33	7.36667
10585.8	-2.84006	8514.15	3541.89	9.63622
10586.8	-2.84006	8503.84	3545.1	11.7407
10587.8	-2.84006	8491.6	3548.91	13.7603
10588.8	-2.84006	8478.18	3553.08	14.0621
10589.8	-2.84006	8464.75	3557.26	14.0816
10590.8	-2.84006	8451.31	3561.44	14.0812
10591.8	-2.84006	8437.86	3565.62	14.0348
10592.8	-2.84006	8424.41	3569.8	14.071
10593.8	-2.84945	8410.92	3573.88	14.0617
10594.8	-2.85696	8397.4	3577.84	14.0876
10595.8	-2.87333	8383.84	3581.6	14.0408
10596.8	-2.87356	8370.27	3585.32	14.1342
10597.8	-2.87356	8356.69	3589.05	14.1432
10598.8	-2.87356	8343.14	3592.78	14.0636
10599.8	-2.87498	8329.56	3596.49	14.1091
10600.8	-2.88795	8315.95	3600.02	14.156
10601.8	-2.88795	8302.33	3603.55	14.0855
10602.8	-2.88795	8288.7	3607.08	14.1145
10603.8	-2.88795	8275.08	3610.61	14.1277
10604.8	-2.88795	8261.45	3614.14	14.1254
10605.8	-2.88795	8247.84	3617.67	14.0437
10606.8	-2.88795	8234.21	3621.21	14.0736
10607.8	-2.90939	8221.72	3624.18	11.4146
10608.8	-2.93664	8212.32	3626.13	8.19883
10609.8	-2.95197	8205.77	3627.31	5.45767
10610.8	-2.96151	8201.7	3628.04	3.17636
10611.8	-2.96334	8200.24	3628.31	0
10612.8	-2.96334	8200.24	3628.31	0
10613.8	-2.96334	8200.24	3628.31	0
10614.8	-2.96334	8200.24	3628.31	0
10615.8	-2.96334	8200.24	3628.31	0
10616.8	-2.96334	8200.24	3628.31	0
10617.8	-2.96334	8200.24	3628.31	0
10618.8	-2.96334	8200.24	3628.31	0
10619.8	-2.96334	8200.24	3628.31	0
10620.8	-2.96334	8200.24	3628.31	0
10621.8	-2.96334	8200.24	3628.31	0
10622.8	-2.96334	8200.24	3628.31	0
10623.8	-2.96334	8200.24	3628.31	0
10624.8	-2.96334	8200.24	3628.31	0
10625.8	-2.96334	8200.24	3628.31	0
10626.8	-2.96334	8200.24	3628.31	0
10627.8	-2.96334	8200.24	3628.31	0
10628.8	-2.96334	8200.24	3628.31	0
10629.8	-2.96334	8200.24	3628.31	0
10630.8	-2.96334	8200.24	3628.31	0
10631.8	-2.96334	8199.75	3628.4	1.38331
10632.8	-2.96334	8197.4	3628.82	3.26248
10633.8	-2.96151	8194.07	3632.8	5.07648
10634.8	-2.95803	8188.03	3633.93	7.02869
10635.8	-2.95627	8180.14	3635.41	8.84642
10636.8	-2.95627	8170.38	3637.24	10.7727
10637.8	-2.95627	8158.7	3639.43	12.811
10638.8	-2.95627	8145.18	3641.96	14.1564
10639.8	-2.95627	8131.32	3644.56	14.1612
10640.8	-2.95627	8117.49	3647.15	14.0954
10641.8	-2.95627	8103.65	3649.75	14.1054
10642.8	-2.87679	8090.02	3653.27	14.086
10643.8	-2.87468	8076.45	3656.98	14.0911
10644.8	-2.87468	8062.83	3660.71	14.1291
10645.8	-2.87468	8049.23	3664.43	14.118
10646.8	-2.98683	8035.36	3666.81	14.0736
10647.8	-2.98683	8021.46	3668.98	14.0562
10648.8	-2.98683	8007.53	3671.16	14.1344
10649.8	-2.98683	7993.6	3673.33	14.1101
10650.8	-2.9655	7979.74	3675.75	14.1468
10651.8	-2.94958	7965.9	3678.44	14.0493
10652.8	-2.94958	7952.07	3681.13	14.1611
10653.8	-2.94958	7938.23	3683.82	14.1349
10654.8	-2.94958	7924.39	3686.51	14.1097
10655.8	-2.94588	7910.55	3689.25	14.1534
10656.8	-2.93356	7896.68	3692.17	14.0737
10657.8	-2.91435	7882.96	3695.35	14.0753
10658.8	-2.91435	7869.21	3698.52	14.0896
10659.8	-2.91435	7855.47	3701.7	14.1017
10660.8	-2.91435	7841.74	3704.88	14.0469
10661.8	-2.91435	7828	3708.05	14.0365
10662.8	-2.93507	7814.21	3710.99	14.1026
10663.8	-2.94196	7800.38	3713.78	14.1013
10664.8	-2.94196	7786.56	3716.58	14.1171
10665.8	-2.94196	7772.73	3719.38	14.1001
10666.8	-2.94196	7758.9	3722.18	14.1492
10667.8	-2.94196	7745.08	3724.97	14.1396
10668.8	-2.94196	7731.29	3727.76	14.0552
10669.8	-2.94196	7717.46	3730.56	14.0602
10670.8	-2.94196	7703.65	3733.36	14.0546
10671.8	-2.94369	7689.85	3736.13	14.0348
10672.8	-2.95382	7676	3738.76	14.0775
10673.8	-2.95382	7662.15	3741.39	14.0507
10674.8	-2.95382	7648.31	3744.02	14.0394
10675.8	-2.95382	7634.45	3746.65	14.1619
10676.8	-2.95378	7621.37	3752.5	14.1092
10677.8	-2.95378	7607.52	3755.14	14.1048
10678.8	-2.95378	7593.66	3757.77	14.1005
10679.8	-2.95536	7579.81	3760.38	14.0696
10680.8	-2.9575	7565.93	3762.97	14.1551
10681.8	-2.9575	7552.07	3765.55	14.057
10682.8	-2.9575	7538.23	3768.12	14.0654
10683.8	-2.9575	7524.39	3770.7	14.1435
10684.8	-2.9575	7510.55	3773.28	14.0769
10685.8	-2.9575	7496.69	3775.86	14.0863
10686.8	-2.9575	7482.82	3778.44	14.0878
10687.8	-2.9575	7468.97	3781.02	14.0835
10688.8	-2.9575	7455.12	3783.6	14.0921
10689.8	-2.9575	7441.28	3786.18	14.1365
10690.8	-2.9575	7427.41	3788.76	14.1474
10691.8	-2.9575	7413.55	3791.34	14.1174
10692.8	-2.9575	7399.69	3793.92	14.1336
10693.8	-2.9575	7385.83	3796.5	14.1383
10694.8	-2.9575	7371.96	3799.08	14.0794
10695.8	-2.9575	7358.11	3801.66	14.0397
10696.8	-2.9575	7344.24	3804.24	14.066
10697.8	-2.9575	7330.4	3806.82	14.0631
10698.8	-2.95747	7317.33	3812.62	14.1376
10699.8	-2.95747	7303.46	3815.2	14.0368
10700.8	-2.95747	7289.6	3817.78	14.0715
10701.8	-2.95747	7275.71	3820.37	14.1137
10702.8	-2.96287	7261.83	3822.89	14.1232
10703.8	-2.96776	7247.93	3825.33	14.1077
10704.8	-2.96795	7234.05	3827.77	14.0517
10705.8	-2.96649	7220.15	3830.23	14.154
10706.8	-2.96649	7206.27	3832.68	14.1107
10707.8	-2.96633	7192.4	3835.14	14.0607
10708.8	-2.96258	7178.52	3837.65	14.1368
10709.8	-2.96258	7164.64	3840.16	14.1467
10710.8	-2.96258	7150.78	3842.67	14.0474
10711.8	-2.96258	7136.92	3845.18	14.0476
10712.8	-2.96258	7123.05	3847.69	14.0529
10713.8	-2.96258	7109.19	3850.19	14.1234
10714.8	-2.96258	7095.32	3852.7	14.0852
10715.8	-2.96258	7081.44	3855.21	14.1456
10716.8	-2.9272	7067.65	3858.14	14.144
10717.8	-2.89606	7053.99	3861.57	14.0925
10718.8	-2.89606	7040.32	3864.99	14.0339
10719.8	-2.89606	7027.51	3868.2	11.8523
10720.8	-2.89606	7017.77	3870.64	8.55893
10721.8	-2.89606	7010.97	3872.35	5.79348
10722.8	-2.84795	7006.85	3873.97	3.4522
10723.8	-2.70309	7002.93	3876.68	6.03634
10724.8	-2.19074	7000.34	3883.06	8.04748
10725.8	-1.86331	6996.61	3894.34	10.051
10726.8	-1.24129	7000.15	3904.87	12.0852
10727.8	-1.33993	7003.16	3917.67	14.0182
10728.8	-1.33993	7006.38	3931.38	14.12
10729.8	-1.32904	7009.73	3945.04	14.1544
10730.8	-1.27571	7013.82	3958.51	14.1612
10731.8	-1.27845	7017.68	3971.31	11.9704
10732.8	-1.27942	7020.62	3981.1	8.85469
10733.8	-1.27651	7022.71	3987.97	5.88804
10734.8	-1.27551	7024.04	3992.36	3.62281
10735.8	-1.27551	7024.66	3994.39	0.356806
10736.8	-1.27551	7024.66	3994.39	0
10737.8	-1.27551	7024.66	3994.39	0
10738.8	-1.27551	7024.66	3994.39	0
10739.8	-1.27551	7024.66	3994.39	0
10740.8	-1.27551	7024.66	3994.39	0
10741.8	-1.27551	7024.66	3994.39	0
10742.8	-1.27551	7024.66	3994.39	0
10743.8	-1.27551	7024.66	3994.39	0
10744.8	-1.27551	7024.66	3994.39	0
10745.8	-1.27551	7024.66	3994.39	0
10746.8	-1.27551	7024.66	3994.39	0
10747.8	-1.27551	7024.66	3994.39	0
10748.8	-1.27551	7024.66	3994.39	0
10749.8	-1.27551	7024.66	3994.39	0
10750.8	-1.27551	7024.66	3994.39	0
10751.8	-1.27551	7024.66	3994.39	0
10752.8	-1.27551	7024.66	3994.39	0
10753.8	-1.27551	7024.66	3994.39	0
10754.8	-1.27551	7024.66	3994.39	0
10755.8	-1.27551	7024.73	3994.62	0.957347
10756.8	-1.27551	7025.34	3996.64	3.01255
10757.8	-1.2756	7026.53	4000.52	4.98857
10758.8	-1.27699	7028.28	4006.35	6.98434
10759.8	-1.27824	7030.6	4014.04	8.9183
10760.8	-1.27824	7033.48	4023.61	10.9255
10761.8	-1.27824	7036.95	4035.12	12.9326
10762.8	-1.2817	7040.88	4048.31	14.1431
10763.8	-1.28669	7044.83	4061.84	14.0975
10764.8	-1.28669	7048.78	4075.37	14.1337
10765.8	-1.28669	7052.72	4088.87	14.1121
10766.8	-1.28669	7056.66	4102.35	13.7306
10767.8	-1.28669	7059.99	4113.75	10.4318
10768.8	-1.28669	7062.41	4122.05	7.26888
10769.8	-1.28669	7064.04	4127.63	4.67926
10770.8	-1.28669	7065.01	4130.95	2.55253
10771.8	-1.28669	7065.51	4132.66	1.22352
10772.8	-1.28669	7065.73	4133.42	0.498378
10773.8	-1.28669	7065.81	4133.71	0.189117
10774.8	-1.28669	7065.84	4133.81	0.0676046
10775.8	-1.28669	7065.85	4133.85	0.0240795
10776.8	-1.28669	7065.86	4133.86	0.00859107
10777.8	-1.28669	7065.86	4133.87	0.0029607
10778.8	-1.28669	7065.86	4133.87	0.00111543
10779.8	-1.28669	7065.86	4133.87	0.000388405
10780.8	-1.28669	7065.86	4133.87	0.000145633
10781.8	-1.28669	7065.86	4133.87	5.03764e-05
10782.8	-1.28669	7065.86	4133.87	1.80042e-05
10783.8	-1.28669	7065.86	4133.87	6.76093e-06
10784.8	-1.28669	7065.86	4133.87	2.33312e-06
10785.8	-1.28669	7065.86	4133.87	8.46858e-07
10786.8	-1.28669	7065.86	4133.87	3.04807e-07
10787.8	-1.28669	7065.86	4133.87	1.06747e-07
10788.8	-1.28669	7065.86	4133.87	3.93098e-08
10789.8	-1.28669	7065.86	4133.87	1.33506e-08
10790.8	-1.28669	7065.86	4133.87	4.90452e-09
10791.8	-1.28669	7065.86	4133.87	1.7846e-09
10792.8	-1.28669	7065.86	4133.87	6.42133e-10
10793.8	-1.28669	7065.86	4133.87	2.34761e-10
10794.8	-1.28669	7065.86	4133.87	8.22903e-11
10795.8	-1.28669	7065.86	4133.87	2.90706e-11
10796.8	-1.28669	7065.86	4133.87	1.03351e-11
10797.8	-1.28669	7065.86	4133.87	3.7236e-12
10798.8	-1.28669	7065.86	4133.87	1.33786e-12
10799.8	-1.28669	7065.86	4133.87	4.76805e-13
10800.8	-1.28669	7066.1	4134.7	1.87973
10801.8	-1.28739	7066.94	4137.59	3.86219
10802.8	-1.28859	7068.3	4142.31	5.73867
10803.8	-1.29044	7070.16	4148.8	7.63509
10804.8	-1.2916	7072.59	4157.26	9.70906
10805.8	-1.2916	7075.56	4167.61	11.65
10806.8	-1.2916	7079.07	4179.87	13.6243
10807.8	-1.2916	7082.38	4191.42	10.5738
10808.8	-1.2916	7084.81	4199.87	7.39381
10809.8	-1.2916	7086.44	4205.58	4.82004
10810.8	-1.2916	7087.42	4208.99	2.68912
10811.8	-1.2916	7087.93	4210.77	1.30185
10812.8	-1.2916	7088.16	4211.56	0.517091
10813.8	-1.2916	7088.24	4211.86	0.19586
10814.8	-1.2916	7088.28	4211.98	0.0706858
10815.8	-1.2916	7088.29	4212.02	0.0253527
10816.8	-1.2916	7088.29	4212.03	0.00885129
10817.8	-1.2916	7088.29	4212.03	0.00325809
10818.8	-1.2916	7088.29	4212.04	0.00116983
10819.8	-1.2916	7088.29	4212.04	0.000399542
10820.8	-1.2916	7088.29	4212.04	0.000148574
10821.8	-1.2916	7088.29	4212.04	5.29123e-05
10822.8	-1.2916	7088.29	4212.04	1.91717e-05
10823.8	-1.2916	7088.29	4212.04	6.81746e-06
10824.8	-1.2916	7088.29	4212.04	2.37112e-06
10825.8	-1.2916	7088.29	4212.04	8.48312e-07
10826.8	-1.2916	7088.29	4212.04	3.05281e-07
10827.8	-1.2916	7088.29	4212.04	1.10644e-07
10828.8	-1.2916	7088.29	4212.04	3.92994e-08
10829.8	-1.2916	7088.29	4212.04	1.43358e-08
10830.8	-1.2916	7088.29	4212.04	5.14566e-09
10831.8	-1.2916	7088.29	4212.04	1.85428e-09
10832.8	-1.2916	7088.29	4212.04	6.74294e-10
10833.8	-1.2916	7088.29	4212.04	2.45242e-10
10834.8	-1.2916	7088.29	4212.04	8.36505e-11
10835.8	-1.2916	7088.29	4212.04	3.05968e-11
10836.8	-1.2916	7088.29	4212.04	1.06978e-11
10837.8	-1.2916	7088.29	4212.04	3.9637e-12
10838.8	-1.2916	7088.29	4212.04	1.37672e-12
10839.8	-1.2916	7088.29	4212.04	5.11264e-13
10840.8	-1.2916	7088.29	4212.04	1.86914e-13
10841.8	-1.2916	7088.29	4212.04	5.98786e-14
10842.8	-1.2916	7088.29	4212.04	6.0286e-14
10843.8	-1.2916	7088.29	4212.04	6.11721e-14
10844.8	-1.2916	7088.29	4212.04	6.10949e-14
10845.8	-1.2916	7088.53	4212.87	1.86615
10846.8	-1.32156	7089.01	4215.83	3.90934
10847.8	-1.56474	7087.5	4222.54	5.71848
10848.8	-2.26455	7081.23	4224.82	7.58061
10849.8	-2.79203	7074.31	4230.86	9.57725
10850.8	-2.79203	7064.43	4234.46	11.4662
10851.8	-2.79203	7052.78	4238.71	13.2693
10852.8	-2.79203	7039.73	4243.47	14.0981
10853.8	-2.84835	7026.35	4247.63	14.1042
10854.8	-2.86878	7012.87	4251.4	14.0536
10855.8	-2.86878	7000.55	4254.85	11.4341
10856.8	-2.86878	6991.33	4257.43	8.22998
10857.8	-2.86878	6984.98	4259.2	5.38578
10858.8	-2.80609	6981.32	4261	3.17349
10859.8	-2.75513	6979.43	4262.15	1.56437
10860.8	-2.73158	6978.56	4262.68	0.684849
10861.8	-2.72208	6978.21	4262.89	0.255425
10862.8	-2.71868	6978.08	4262.97	0.0893474
10863.8	-2.71744	6978.04	4263	0.0327179
10864.8	-2.717	6978.02	4263.01	0.0115062
10865.8	-2.71684	6978.01	4263.01	0.0041584
10866.8	-2.71679	6978.01	4263.01	0.00151546
10867.8	-2.71677	6978.01	4263.01	0.000532312
10868.8	-2.71676	6978.01	4263.01	0.000191242
10869.8	-2.71676	6978.01	4263.01	6.62616e-05
10870.8	-2.71676	6978.01	4263.01	2.39606e-05
10871.8	-2.71676	6978.01	4263.01	8.4201e-06
10872.8	-2.71676	6978.01	4263.01	3.06384e-06
10873.8	-2.71676	6978.01	4263.01	1.12082e-06
10874.8	-2.71676	6978.01	4263.01	3.8695e-07
10875.8	-2.71676	6978.01	4263.01	1.45942e-07
10876.8	-2.71676	6978.01	4263.01	5.07341e-08
10877.8	-2.71676	6978.01	4263.01	1.86293e-08
10878.8	-2.71676	6978.01	4263.01	6.56461e-09
10879.8	-2.71676	6978.01	4263.01	2.44816e-09
10880.8	-2.71676	6978.01	4263.01	8.56842e-10
10881.8	-2.71676	6978.01	4263.01	3.01686e-10
10882.8	-2.71676	6978.01	4263.01	1.09046e-10
10883.8	-2.71676	6978.01	4263.01	4.05702e-11
10884.8	-2.71676	6978.01	4263.01	1.42971e-11
10885.8	-2.71676	6978.01	4263.01	5.04921e-12
10886.8	-2.71676	6978.01	4263.01	1.8036e-12
10887.8	-2.71676	6978.01	4263.01	6.4421e-13
10888.8	-2.71676	6978.01	4263.01	2.20948e-13
10889.8	-2.71676	6978.01	4263.01	7.46817e-14
10890.8	-2.69702	6977.28	4263.46	1.85459
10891.8	-2.62707	6974.99	4264.92	3.69891
10892.8	-2.55579	6971.45	4267.53	5.46547
10893.8	-2.33838	6967.93	4272.49	7.4245
10894.8	-2.03345	6964.48	4279.93	9.32011
10895.8	-1.78951	6962.58	4289.98	11.2824
10896.8	-1.65169	6961.56	4302.13	13.1444
10897.8	-1.64281	6960.57	4315.9	14.1246
10898.8	-1.64281	6959.57	4329.81	14.1039
10899.8	-1.64281	6958.56	4343.71	14.1314
10900.8	-1.64281	6957.6	4357	12.2477
10901.8	-1.64281	6956.86	4367.27	8.98213
10902.8	-1.64281	6956.34	4374.53	6.04863
10903.8	-1.59679	6956.55	4379.2	3.62652
10904.8	-1.46399	6957.78	4383.61	5.83059
10905.8	-1.03936	6962.29	4388.56	7.80923
10906.8	-0.640846	6970.31	4394.54	9.86485
10907.8	-0.142254	6981.13	4396.09	11.7224
10908.8	-0.142254	6992.2	4397.67	9.79855
10909.8	-0.142254	7000.26	4398.83	6.80908
10910.8	-0.142254	7005.56	4399.59	4.28259
10911.8	-0.142254	7008.65	4400.03	2.33367
10912.8	-0.142254	7010.18	4400.25	1.02958
10913.8	-0.142254	7010.84	4400.34	0.418692
10914.8	-0.142254	7011.09	4400.38	0.152102
10915.8	-0.142254	7011.18	4400.39	0.0527717
10916.8	-0.142254	7011.21	4400.4	0.0200228
10917.8	-0.142254	7011.22	4400.4	0.00680488
10918.8	-0.142254	7011.23	4400.4	0.00245595
10919.8	-0.142254	7011.23	4400.4	0.000888778
10920.8	-0.142254	7011.23	4400.4	0.000329877
10921.8	-0.142254	7011.23	4400.4	0.000116986
10922.8	-0.142254	7011.23	4400.4	4.18023e-05
10923.8	-0.142254	7011.23	4400.4	1.48121e-05
10924.8	-0.142254	7011.23	4400.4	5.45701e-06
10925.8	-0.142254	7012.08	4400.52	1.86798
10926.8	-0.1692	7014.93	4401.25	3.80791
10927.8	-0.464066	7017.5	4404.76	5.55838
10928.8	-1.26039	7017.73	4411.41	7.62546
10929.8	-1.53658	7018.03	4420.15	9.70648
10930.8	-1.53627	7018.4	4430.89	11.6701
10931.8	-1.53449	7018.85	4443.39	13.4337
10932.8	-1.5302	7019.42	4457.33	14.1184
10933.8	-1.51927	7020.12	4471.34	14.0589
10934.8	-1.48876	7021.27	4485.31	14.1113
10935.8	-1.49426	7022.35	4499.28	14.1107
10936.8	-1.52352	7023.01	4512.63	12.119
10937.8	-1.53746	7023.38	4522.92	8.95817
10938.8	-1.53346	7023.64	4530.19	5.99985
10939.8	-1.54013	7023.74	4534.85	3.69275
10940.8	-1.53884	7023.86	4536.99	0.374503
10941.8	-1.53884	7023.86	4536.99	0
10942.8	-1.53884	7023.86	4536.99	0
10943.8	-1.53884	7023.86	4536.99	0
10944.8	-1.53884	7023.86	4536.99	0
10945.8	-1.53884	7023.86	4536.99	0
10946.8	-1.53884	7023.86	4536.99	0
10947.8	-1.53884	7023.86	4536.99	0
10948.8	-1.53884	7023.86	4536.99	0
10949.8	-1.53884	7023.86	4536.99	0
10950.8	-1.53884	7023.86	4536.99	0
10951.8	-1.53884	7023.86	4536.99	0
10952.8	-1.53884	7023.86	4536.99	0
10953.8	-1.53884	7023.86	4536.99	0
10954.8	-1.53884	7023.86	4536.99	0
10955.8	-1.53884	7023.86	4536.99	0
10956.8	-1.53884	7023.86	4536.99	0
10957.8	-1.53884	7023.86	4536.99	0
10958.8	-1.53884	7023.86	4536.99	0
10959.8	-1.53884	7023.86	4536.99	0
10960.8	-1.5387	7023.87	4537.23	0.959345
10961.8	-1.53736	7023.99	4539.45	3.17928
10962.8	-1.52385	7024.22	4543.72	5.11929
10963.8	-1.54447	7024.22	4549.9	7.09914
